"Data","Último","Abertura","Máxima","Mínima","Vol.","Var%"
"03.09.2019","37,13","37,06","37,26","37,06","0,14K","0,16%"
"02.09.2019","37,07","37,29","37,30","36,80","0,01K","-0,56%"
"30.08.2019","37,28","37,22","37,44","37,10","1,21K","0,11%"
"29.08.2019","37,24","37,11","37,53","37,05","1,86K","0,27%"
"28.08.2019","37,14","37,03","37,19","36,65","1,35K","0,76%"
"27.08.2019","36,86","36,98","37,03","36,71","0,92K","-0,14%"
"26.08.2019","36,91","36,52","36,95","36,49","0,84K","0,76%"
"23.08.2019","36,63","36,57","36,68","36,40","1,07K","0,30%"
"22.08.2019","36,52","36,16","36,65","36,16","1,53K","0,86%"
"21.08.2019","36,21","36,25","36,47","36,01","1,67K","0,17%"
"20.08.2019","36,15","36,38","36,90","36,07","1,98K","-1,12%"
"19.08.2019","36,56","36,45","36,65","36,16","0,68K","0,08%"
"16.08.2019","36,53","36,35","36,70","36,30","0,82K","0,52%"
"15.08.2019","36,34","36,55","36,70","36,25","0,92K","-0,90%"
"14.08.2019","36,67","36,42","37,07","36,42","1,24K","0,47%"
"13.08.2019","36,50","36,77","36,77","36,05","3,47K","-1,11%"
"12.08.2019","36,91","38,45","38,90","36,81","5,13K","-4,01%"
"09.08.2019","38,45","38,10","38,60","38,09","1,48K","0,81%"
"08.08.2019","38,14","38,50","38,50","38,00","2,43K","-0,75%"
"07.08.2019","38,43","37,60","38,70","37,49","5,28K","2,56%"
"06.08.2019","37,47","37,39","37,65","36,90","3,06K","0,54%"
"05.08.2019","37,27","36,50","37,40","36,11","3,25K","2,11%"
"02.08.2019","36,50","36,13","36,62","36,06","1,94K","1,11%"
"01.08.2019","36,10","36,56","36,78","36,05","3,94K","-1,37%"
"31.07.2019","36,60","36,93","36,93","36,47","2,57K","-0,65%"
"30.07.2019","36,84","36,87","36,96","36,61","2,11K","-0,22%"
"29.07.2019","36,92","36,68","36,99","36,67","0,76K","0,60%"
"26.07.2019","36,70","36,55","36,75","36,42","1,10K","0,25%"
"25.07.2019","36,61","36,65","36,79","36,52","2,81K","-0,30%"
"24.07.2019","36,72","36,90","37,23","36,65","2,29K","-0,41%"
"23.07.2019","36,87","36,98","37,27","36,76","1,83K","-0,19%"
"22.07.2019","36,94","37,30","37,42","36,76","2,29K","-1,07%"
"19.07.2019","37,34","37,01","37,44","37,01","1,52K","0,70%"
"18.07.2019","37,08","37,81","37,90","37,00","3,69K","-1,96%"
"17.07.2019","37,82","37,70","38,10","37,67","2,31K","0,45%"
"16.07.2019","37,65","37,67","37,75","37,16","2,78K","1,43%"
"15.07.2019","37,12","37,05","37,11","37,05","0,02K","-0,11%"
"12.07.2019","37,16","37,20","37,30","36,95","0,13K","-0,64%"
"11.07.2019","37,40","37,44","37,49","36,93","0,02K","-0,13%"
"10.07.2019","37,45","37,61","37,70","37,20","0,03K","-1,86%"
"08.07.2019","38,16","37,90","37,91","37,20","0,03K","0,16%"
"05.07.2019","38,10","38,10","38,10","37,90","0,06K","-0,34%"
"04.07.2019","38,23","37,52","37,97","37,32","0,24K","1,30%"
"03.07.2019","37,74","37,45","37,70","37,25","0,11K","1,73%"
"02.07.2019","37,10","36,71","37,20","36,31","0,09K","1,56%"
"01.07.2019","36,53","37,21","37,50","36,35","0,12K","-1,80%"
"28.06.2019","37,20","38,39","38,80","37,00","0,43K","-2,92%"
"27.06.2019","38,32","38,37","38,40","38,30","0,20K","0,37%"
"26.06.2019","38,18","38,27","38,38","38,01","0,04K","-0,08%"
"25.06.2019","38,21","38,00","38,48","38,00","0,20K","0,69%"
"24.06.2019","37,95","37,16","38,10","37,16","0,17K","1,99%"
"21.06.2019","37,21","37,30","38,29","37,30","0,16K","0,22%"
"19.06.2019","37,13","38,01","38,02","37,20","0,71K","-3,31%"
"18.06.2019","38,40","38,95","38,95","38,01","0,18K","-1,23%"
"17.06.2019","38,88","38,50","39,20","38,50","0,19K","0,78%"
"14.06.2019","38,58","38,34","38,79","38,18","0,35K","0,60%"
"13.06.2019","38,35","38,00","38,70","38,00","0,38K","1,16%"
"12.06.2019","37,91","36,88","38,20","36,70","0,42K","2,29%"
"11.06.2019","37,06","36,38","37,00","35,80","0,66K","1,53%"
"10.06.2019","36,50","36,65","36,74","36,38","0,26K","-0,79%"
"07.06.2019","36,79","37,30","37,40","36,53","0,24K","-1,10%"
"06.06.2019","37,20","36,80","37,30","35,66","0,30K","0,68%"
"05.06.2019","36,95","37,40","37,41","36,65","0,40K","-1,96%"
"04.06.2019","37,69","38,59","38,75","37,50","1,13K","-1,46%"
"03.06.2019","38,25","38,38","38,68","38,10","0,23K","-0,08%"
"31.05.2019","38,28","38,68","38,68","37,85","0,61K","0,03%"
"30.05.2019","38,27","37,30","38,40","37,15","0,71K","1,81%"
"29.05.2019","37,59","37,57","39,39","37,05","0,91K","0,11%"
"28.05.2019","37,55","36,65","37,44","36,60","0,82K","3,13%"
"27.05.2019","36,41","36,00","36,50","35,80","0,32K","3,35%"
"24.05.2019","35,23","34,40","35,20","34,05","0,13K","2,12%"
"23.05.2019","34,50","34,79","35,20","34,48","0,28K","-0,63%"
"22.05.2019","34,72","35,00","35,00","34,11","0,37K","-0,71%"
"21.05.2019","34,97","35,40","35,79","34,80","0,71K","-0,48%"
"20.05.2019","35,14","34,80","35,75","34,70","0,73K","1,41%"
"17.05.2019","34,65","33,46","34,90","33,46","0,82K","4,12%"
"16.05.2019","33,28","32,74","33,40","32,74","0,82K","-0,27%"
"15.05.2019","33,37","33,37","33,40","33,25","0,36K","0,09%"
"14.05.2019","33,34","33,05","33,43","33,05","0,88K","0,76%"
"13.05.2019","33,09","32,74","33,20","32,74","1,08K","0,88%"
"10.05.2019","32,80","32,57","32,90","32,38","1,05K","0,92%"
"09.05.2019","32,50","32,02","32,58","31,91","1,51K","1,37%"
"08.05.2019","32,06","32,04","32,27","31,90","1,40K","0,28%"
"07.05.2019","31,97","31,73","32,08","31,60","1,83K","0,47%"
"06.05.2019","31,82","32,00","32,01","31,61","1,17K","-0,66%"
"03.05.2019","32,03","32,15","32,37","31,90","0,91K","0,03%"
"02.05.2019","32,02","31,50","32,10","31,38","1,53K","0,91%"
"30.04.2019","31,73","32,41","32,41","31,51","2,21K","-2,40%"
"29.04.2019","32,51","33,50","33,53","32,42","1,80K","-3,04%"
"26.04.2019","33,53","33,76","33,89","33,27","2,76K","-0,95%"
"25.04.2019","33,85","34,25","34,25","33,71","1,90K","-0,91%"
"24.04.2019","34,16","34,14","34,25","33,86","1,78K","0,06%"
"23.04.2019","34,14","34,23","34,63","34,06","2,61K","-0,06%"
"22.04.2019","34,16","34,25","34,25","33,65","2,53K","-0,03%"
"18.04.2019","34,17","34,39","34,44","34,12","0,87K","-0,61%"
"17.04.2019","34,38","34,23","34,76","34,14","1,48K","0,29%"
"16.04.2019","34,28","34,59","35,05","34,25","2,47K","-1,07%"
"15.04.2019","34,65","34,70","34,90","34,50","1,46K","-0,37%"
"12.04.2019","34,78","35,17","35,40","34,70","5,03K","-1,53%"
"11.04.2019","35,32","35,91","36,01","35,20","4,33K","-1,81%"
"10.04.2019","35,97","36,04","36,09","35,80","1,71K","0,22%"
"09.04.2019","35,89","36,00","36,00","35,55","1,42K","0,28%"
"08.04.2019","35,79","35,85","36,03","35,57","14,20K","-0,06%"
"05.04.2019","35,81","36,13","36,17","35,78","1,32K","-0,69%"
"04.04.2019","36,06","36,35","36,74","35,85","1,73K","-0,83%"
"03.04.2019","36,36","36,50","36,79","36,21","1,22K","-0,38%"
"02.04.2019","36,50","36,14","36,69","35,75","2,05K","1,19%"
"01.04.2019","36,07","36,41","36,55","35,88","1,58K","-1,18%"
"29.03.2019","36,50","37,09","37,30","36,40","2,26K","-2,09%"
"28.03.2019","37,28","37,35","37,78","37,20","3,20K","-0,05%"
"27.03.2019","37,30","36,82","37,50","36,70","2,32K","0,48%"
"26.03.2019","37,12","37,29","37,85","36,90","2,76K","-0,43%"
"25.03.2019","37,28","36,80","37,30","36,75","3,17K","1,58%"
"22.03.2019","36,70","35,90","36,80","35,90","2,60K","2,34%"
"21.03.2019","35,86","35,80","36,28","35,50","2,01K","0,17%"
"20.03.2019","35,80","36,33","36,35","35,58","2,81K","-1,40%"
"19.03.2019","36,31","37,19","37,19","36,13","4,35K","-2,18%"
"18.03.2019","37,12","37,75","37,85","37,01","1,43K","-7,20%"
"15.03.2019","40,00","40,12","40,24","40,11","0,02K","-0,40%"
"14.03.2019","40,16","40,44","40,54","40,08","1,48K","-0,89%"
"13.03.2019","40,52","41,34","41,37","40,50","2,29K","-1,98%"
"12.03.2019","41,34","41,30","41,59","41,30","1,65K","-0,19%"
"11.03.2019","41,42","42,16","42,21","41,36","1,95K","-1,76%"
"08.03.2019","42,16","42,25","42,32","42,14","0,47K","-0,38%"
"07.03.2019","42,32","42,45","42,46","42,10","0,59K","-0,42%"
"06.03.2019","42,50","42,22","42,50","41,95","0,47K","0,05%"
"01.03.2019","42,48","42,54","42,68","42,34","0,70K","0,17%"
"28.02.2019","42,41","42,35","42,45","41,95","1,08K","0,00%"
"27.02.2019","42,41","42,58","42,63","42,29","1,44K","-0,33%"
"26.02.2019","42,55","42,25","42,64","42,16","3,69K","0,71%"
"25.02.2019","42,25","41,88","42,29","41,85","1,61K","0,98%"
"22.02.2019","41,84","41,65","41,94","41,42","0,79K","0,63%"
"21.02.2019","41,58","41,60","41,72","41,35","1,02K","0,00%"
"20.02.2019","41,58","41,65","41,95","41,32","1,21K","-0,17%"
"19.02.2019","41,65","41,77","41,92","41,61","1,61K","-0,29%"
"18.02.2019","41,77","41,54","41,95","41,43","0,97K","0,65%"
"15.02.2019","41,50","41,71","41,73","41,22","0,77K","-0,41%"
"14.02.2019","41,67","41,59","41,84","41,33","1,66K","0,00%"
"13.02.2019","41,67","41,21","41,70","41,16","2,52K","0,99%"
"12.02.2019","41,26","40,75","41,38","40,71","2,16K","0,95%"
"11.02.2019","40,87","40,76","41,05","40,56","1,98K","-0,02%"
"08.02.2019","40,88","41,03","41,20","40,70","1,57K","-0,54%"
"07.02.2019","41,10","40,84","41,30","40,72","1,76K","0,39%"
"06.02.2019","40,94","40,66","41,27","40,51","2,00K","0,42%"
"05.02.2019","40,77","40,43","40,83","40,25","1,43K","0,79%"
"04.02.2019","40,45","40,95","40,95","40,31","1,75K","-1,00%"
"01.02.2019","40,86","40,91","41,10","40,71","0,66K","-0,24%"
"31.01.2019","40,96","40,25","41,05","39,97","2,52K","1,76%"
"30.01.2019","40,25","40,60","40,70","40,06","1,48K","-1,11%"
"29.01.2019","40,70","40,97","41,28","40,66","1,99K","-0,61%"
"28.01.2019","40,95","40,48","40,98","40,36","1,15K","1,34%"
"24.01.2019","40,41","40,37","40,58","39,94","1,95K","0,25%"
"23.01.2019","40,31","39,95","40,40","39,57","2,17K","0,85%"
"22.01.2019","39,97","39,52","40,19","39,40","1,97K","1,24%"
"21.01.2019","39,48","39,15","39,76","39,15","1,05K","0,66%"
"18.01.2019","39,22","39,04","39,28","38,65","1,35K","0,36%"
"17.01.2019","39,08","39,04","39,20","38,80","1,98K","0,08%"
"16.01.2019","39,05","39,34","39,41","38,92","1,90K","1,22%"
"15.01.2019","38,58","38,66","38,80","38,65","0,18K","-0,26%"
"14.01.2019","38,68","38,61","38,79","38,60","0,06K","0,16%"
"11.01.2019","38,62","38,47","38,77","38,40","0,21K","0,84%"
"10.01.2019","38,30","38,60","38,70","38,25","0,54K","-0,85%"
"09.01.2019","38,63","39,40","39,40","38,50","1,04K","-1,70%"
"08.01.2019","39,30","39,77","39,77","39,25","0,75K","-0,98%"
"07.01.2019","39,69","39,85","39,85","39,45","0,16K","0,48%"
"04.01.2019","39,50","39,07","39,89","39,05","1,34K","0,69%"
"03.01.2019","39,23","39,05","39,30","39,01","0,48K","0,46%"
"02.01.2019","39,05","39,58","39,58","38,91","0,52K","-1,14%"
"28.12.2018","39,50","39,50","39,80","39,35","0,33K","-1,13%"
"27.12.2018","39,95","39,64","39,90","39,35","0,30K","0,43%"
"26.12.2018","39,78","39,70","39,83","39,30","0,30K","0,45%"
"21.12.2018","39,60","39,25","39,90","39,25","1,13K","0,99%"
"20.12.2018","39,21","38,87","39,45","38,35","1,88K","1,08%"
"19.12.2018","38,79","38,90","38,99","38,59","1,30K","-0,08%"
"18.12.2018","38,82","38,13","38,90","38,02","2,07K","2,18%"
"17.12.2018","37,99","37,76","38,05","37,62","1,04K","1,36%"
"14.12.2018","37,48","37,57","37,87","37,50","0,47K","-0,32%"
"13.12.2018","37,60","37,63","37,98","37,56","0,38K","-0,48%"
"12.12.2018","37,78","38,06","38,25","37,61","0,51K","-0,53%"
"11.12.2018","37,98","37,80","38,20","37,69","1,10K","0,42%"
"10.12.2018","37,82","37,82","37,97","37,39","0,84K","0,59%"
"07.12.2018","37,60","37,38","37,70","37,15","0,70K","0,29%"
"06.12.2018","37,49","37,46","37,98","37,38","0,85K","0,11%"
"05.12.2018","37,45","37,89","37,89","37,11","1,38K","-0,72%"
"04.12.2018","37,72","37,01","37,78","36,70","2,18K","1,86%"
"03.12.2018","37,03","36,96","37,37","36,81","0,66K","0,65%"
"30.11.2018","36,79","37,30","37,69","36,50","2,29K","-1,34%"
"29.11.2018","37,29","37,75","37,98","37,11","1,50K","-1,09%"
"28.11.2018","37,70","38,11","38,15","37,55","1,33K","-1,10%"
"27.11.2018","38,12","37,84","38,45","37,84","1,16K","0,29%"
"26.11.2018","38,01","38,00","38,30","37,30","1,12K","-0,08%"
"23.11.2018","38,04","38,64","38,70","38,02","1,04K","-1,91%"
"22.11.2018","38,78","38,71","39,14","38,65","1,75K","0,26%"
"21.11.2018","38,68","37,97","38,75","37,93","1,82K","1,79%"
"19.11.2018","38,00","37,89","38,23","37,55","0,78K","3,37%"
"16.11.2018","36,76","36,56","36,76","36,55","0,03K","-0,08%"
"14.11.2018","36,79","36,74","36,94","36,55","0,47K","0,22%"
"13.11.2018","36,71","36,60","36,85","36,60","1,00K","0,16%"
"12.11.2018","36,65","36,50","36,90","36,33","0,66K","0,41%"
"09.11.2018","36,50","36,20","36,75","36,00","1,06K","0,55%"
"08.11.2018","36,30","35,60","36,32","35,60","1,50K","1,99%"
"07.11.2018","35,59","35,75","35,87","35,41","1,33K","-0,39%"
"06.11.2018","35,73","35,50","35,86","35,29","1,18K","0,76%"
"05.11.2018","35,46","35,34","35,51","35,02","0,36K","0,65%"
"01.11.2018","35,23","35,39","35,47","34,95","1,27K","-0,48%"
"31.10.2018","35,40","35,12","35,60","35,08","2,18K","0,85%"
"30.10.2018","35,10","34,60","35,20","34,60","1,43K","1,09%"
"29.10.2018","34,72","34,99","35,00","34,20","1,24K","-0,63%"
"26.10.2018","34,94","35,01","35,28","34,70","1,84K","-0,11%"
"25.10.2018","34,98","35,15","35,30","34,90","1,39K","-0,26%"
"24.10.2018","35,07","34,95","35,15","34,69","0,95K","0,52%"
"23.10.2018","34,89","34,98","35,17","34,71","0,51K","0,03%"
"22.10.2018","34,88","35,50","35,58","34,80","1,27K","-1,69%"
"19.10.2018","35,48","35,32","35,82","35,10","1,10K","0,25%"
"18.10.2018","35,39","35,80","35,92","35,31","1,44K","-1,12%"
"17.10.2018","35,79","36,44","36,45","35,75","1,67K","-1,59%"
"16.10.2018","36,37","36,65","36,70","36,06","1,38K","-0,79%"
"15.10.2018","36,66","36,91","37,44","36,54","1,60K","-0,68%"
"11.10.2018","36,91","36,90","37,09","36,25","2,32K","0,08%"
"10.10.2018","36,88","37,50","37,56","36,85","2,69K","-1,71%"
"09.10.2018","37,52","38,26","38,26","37,50","3,01K","-1,91%"
"08.10.2018","38,25","38,68","38,87","38,11","1,74K","-0,93%"
"05.10.2018","38,61","38,80","38,80","38,44","1,85K","-0,34%"
"04.10.2018","38,74","39,00","39,04","38,64","1,82K","-0,74%"
"03.10.2018","39,03","39,30","39,35","38,80","2,10K","-0,81%"
"02.10.2018","39,35","40,15","40,15","39,27","2,70K","-1,77%"
"01.10.2018","40,06","39,87","40,39","39,71","1,04K","0,60%"
"28.09.2018","39,82","39,70","40,00","39,66","1,05K","0,23%"
"27.09.2018","39,73","39,58","39,79","39,41","1,30K","0,46%"
"26.09.2018","39,55","39,81","40,00","39,25","2,42K","-0,90%"
"25.09.2018","39,91","39,70","40,15","39,63","1,44K","0,35%"
"24.09.2018","39,77","40,02","40,50","39,72","2,12K","-0,75%"
"21.09.2018","40,07","39,78","40,21","39,51","1,57K","0,91%"
"20.09.2018","39,71","39,76","39,95","39,40","1,84K","0,03%"
"19.09.2018","39,70","40,53","40,53","39,65","2,53K","-1,98%"
"18.09.2018","40,50","40,90","41,03","40,45","2,73K","-0,56%"
"17.09.2018","40,73","40,65","40,80","40,60","1,19K","0,54%"
"14.09.2018","40,51","40,21","40,60","40,20","1,19K","0,90%"
"13.09.2018","40,15","40,15","40,28","39,82","0,61K","0,27%"
"12.09.2018","40,04","40,42","40,65","39,95","1,47K","-1,06%"
"11.09.2018","40,47","40,17","40,79","40,17","0,98K","0,80%"
"10.09.2018","40,15","40,50","40,51","40,00","1,61K","-0,96%"
"06.09.2018","40,54","40,79","40,80","40,25","0,72K","-0,47%"
"05.09.2018","40,73","40,99","41,05","40,57","1,56K","-0,68%"
"04.09.2018","41,01","40,95","41,05","40,51","1,47K","0,24%"
"03.09.2018","40,91","40,60","41,05","40,60","1,00K","0,84%"
"31.08.2018","40,57","40,64","40,73","40,25","0,81K","-0,07%"
"30.08.2018","40,60","40,38","40,84","40,35","1,22K","0,32%"
"29.08.2018","40,47","40,90","40,94","40,41","1,60K","-1,24%"
"28.08.2018","40,98","41,39","41,45","40,81","2,32K","-1,11%"
"27.08.2018","41,44","41,90","41,95","41,40","2,33K","-1,24%"
"24.08.2018","41,96","41,96","42,08","41,66","1,35K","-0,02%"
"23.08.2018","41,97","42,10","42,26","41,91","1,70K","-0,29%"
"22.08.2018","42,09","41,88","42,30","41,71","2,08K","0,60%"
"21.08.2018","41,84","41,64","41,90","41,58","1,30K","0,17%"
"20.08.2018","41,77","41,87","41,96","41,40","1,82K","-0,26%"
"17.08.2018","41,88","41,26","41,90","41,25","1,76K","1,26%"
"16.08.2018","41,36","41,54","41,77","41,05","2,69K","-0,17%"
"15.08.2018","41,43","41,09","41,65","40,97","2,30K","0,85%"
"14.08.2018","41,08","41,25","41,27","40,80","1,92K","-0,56%"
"13.08.2018","41,31","41,52","41,96","41,05","2,96K","-0,63%"
"10.08.2018","41,57","42,24","42,39","41,33","3,55K","-1,54%"
"09.08.2018","42,22","42,25","42,64","41,86","3,76K","0,02%"
"08.08.2018","42,21","42,14","42,86","42,05","5,27K","0,02%"
"07.08.2018","42,20","41,40","42,28","41,40","3,80K","1,61%"
"06.08.2018","41,53","41,49","41,69","41,30","3,04K","0,29%"
"03.08.2018","41,41","41,05","41,48","40,81","3,19K","0,68%"
"02.08.2018","41,13","41,15","41,30","40,90","1,71K","-0,07%"
"01.08.2018","41,16","41,08","41,30","40,27","2,74K","0,15%"
"31.07.2018","41,10","41,10","41,30","40,78","2,18K","-0,02%"
"30.07.2018","41,11","40,76","41,16","40,60","2,06K","0,96%"
"27.07.2018","40,72","40,20","40,78","40,06","1,58K","0,99%"
"26.07.2018","40,32","39,72","40,45","39,70","2,70K","1,36%"
"25.07.2018","39,78","39,35","39,85","39,21","2,07K","1,14%"
"24.07.2018","39,33","39,25","39,40","39,00","3,15K","0,10%"
"23.07.2018","39,29","38,90","39,35","38,76","2,28K","1,00%"
"20.07.2018","38,90","39,48","39,51","38,81","4,32K","-1,57%"
"19.07.2018","39,52","38,94","39,59","38,93","2,85K","1,59%"
"18.07.2018","38,90","38,35","38,97","38,28","3,36K","1,33%"
"17.07.2018","38,39","38,00","38,41","37,99","3,03K","0,63%"
"16.07.2018","38,15","37,60","38,15","37,50","1,20K","3,25%"
"13.07.2018","36,95","37,10","37,10","37,00","0,02K","0,08%"
"12.07.2018","36,92","37,04","37,04","36,70","0,05K","-0,16%"
"11.07.2018","36,98","36,45","36,85","36,45","0,01K","1,15%"
"10.07.2018","36,56","36,84","36,84","36,51","0,01K","-2,12%"
"06.07.2018","37,35","36,36","37,11","36,35","0,05K","2,02%"
"05.07.2018","36,61","36,60","36,62","36,10","0,02K","-0,97%"
"04.07.2018","36,97","36,80","36,80","36,80","0,00K","-0,16%"
"03.07.2018","37,03","36,98","37,10","36,96","0,04K","0,49%"
"02.07.2018","36,85","36,81","36,81","36,80","0,04K","-0,41%"
"29.06.2018","37,00","36,95","37,10","36,80","0,01K","0,35%"
"28.06.2018","36,87","36,70","36,70","36,70","0,01K","0,33%"
"27.06.2018","36,75","36,21","36,85","36,21","0,02K","-0,08%"
"26.06.2018","36,78","36,85","36,85","36,85","0,00K","-0,46%"
"25.06.2018","36,95","37,35","37,35","36,90","0,01K","-1,23%"
"22.06.2018","37,41","37,50","37,50","37,50","0,00K","0,24%"
"21.06.2018","37,32","36,50","37,32","36,50","0,07K","-0,48%"
"20.06.2018","37,50","37,50","37,52","37,40","0,03K","-2,34%"
"19.06.2018","38,40","38,50","38,60","38,40","0,04K","-1,61%"
"18.06.2018","39,03","39,10","39,10","38,98","0,03K","0,39%"
"15.06.2018","38,88","38,70","38,90","38,70","0,01K","0,47%"
"14.06.2018","38,70","39,00","39,00","38,50","0,00K","-0,90%"
"13.06.2018","39,05","38,83","39,00","38,20","0,04K","-1,98%"
"12.06.2018","39,84","41,45","41,45","40,05","0,18K","-3,61%"
"11.06.2018","41,33","41,35","42,00","41,35","0,02K","-1,74%"
"08.06.2018","42,06","42,00","42,00","42,00","0,00K","-1,64%"
"07.06.2018","42,76","41,65","42,50","41,65","0,01K","-0,16%"
"06.06.2018","42,83","42,30","42,68","41,61","0,10K","0,12%"
"05.06.2018","42,78","42,70","42,80","42,30","0,06K","-1,36%"
"04.06.2018","43,37","43,65","43,65","43,25","0,01K","-0,23%"
"01.06.2018","43,47","43,95","43,95","43,05","0,03K","0,72%"
"30.05.2018","43,16","42,90","42,90","42,85","0,01K","0,72%"
"29.05.2018","42,85","43,00","43,01","42,85","0,02K","-1,15%"
"28.05.2018","43,35","43,01","43,01","43,01","0,00K","-0,41%"
"25.05.2018","43,53","43,30","43,34","43,30","0,02K","-0,09%"
"24.05.2018","43,57","43,65","43,65","43,40","0,03K","0,51%"
"23.05.2018","43,35","43,57","43,58","43,10","0,04K","-0,62%"
"22.05.2018","43,62","43,65","43,65","42,80","0,09K","0,00%"
"21.05.2018","43,62","43,50","43,65","43,00","0,11K","-0,46%"
"18.05.2018","43,82","42,80","43,64","41,91","0,10K","1,93%"
"17.05.2018","42,99","42,70","42,70","42,70","0,10K","1,51%"
"16.05.2018","42,35","42,38","42,49","42,10","0,00K","0,19%"
"15.05.2018","42,27","42,55","42,55","42,30","0,38K","-0,68%"
"14.05.2018","42,56","41,81","42,60","41,81","1,87K","1,53%"
"11.05.2018","41,92","42,25","42,40","41,80","2,30K","-0,92%"
"10.05.2018","42,31","42,50","42,65","42,25","0,71K","-0,45%"
"09.05.2018","42,50","42,33","42,68","42,01","1,21K","0,43%"
"08.05.2018","42,32","41,90","42,48","41,81","2,26K","1,20%"
"07.05.2018","41,82","41,01","42,00","41,00","2,64K","1,41%"
"04.05.2018","41,24","41,57","41,82","40,92","2,69K","-0,82%"
"03.05.2018","41,58","41,34","41,65","41,05","2,59K","0,90%"
"02.05.2018","41,21","40,08","41,45","40,08","3,91K","2,79%"
"30.04.2018","40,09","39,75","40,25","39,69","1,60K","1,14%"
"27.04.2018","39,64","39,78","39,85","39,37","1,61K","-0,25%"
"26.04.2018","39,74","39,87","40,00","39,50","2,33K","-0,33%"
"25.04.2018","39,87","39,00","40,00","38,95","3,24K","2,20%"
"24.04.2018","39,01","38,82","39,45","38,44","3,08K","0,67%"
"23.04.2018","38,75","38,19","38,85","37,82","2,50K","1,71%"
"20.04.2018","38,10","38,34","38,35","37,92","2,87K","-0,55%"
"19.04.2018","38,31","38,70","38,80","38,16","2,43K","-1,42%"
"18.04.2018","38,86","39,29","39,34","38,75","1,48K","-1,12%"
"17.04.2018","39,30","38,92","40,00","38,90","1,44K","0,95%"
"16.04.2018","38,93","38,93","39,00","38,38","0,99K","0,13%"
"13.04.2018","38,88","39,06","39,06","38,42","1,88K","-0,18%"
"12.04.2018","38,95","38,79","39,15","38,58","2,10K","0,62%"
"11.04.2018","38,71","40,09","40,09","38,66","5,48K","-3,27%"
"10.04.2018","40,02","40,63","40,80","39,95","3,26K","-1,45%"
"09.04.2018","40,61","40,61","40,78","40,25","2,62K","-0,07%"
"06.04.2018","40,64","40,03","40,78","39,92","4,73K","1,52%"
"05.04.2018","40,03","39,16","40,10","39,15","5,47K","2,33%"
"04.04.2018","39,12","38,70","39,50","38,07","3,95K","1,29%"
"03.04.2018","38,62","38,15","38,67","37,91","2,87K","1,36%"
"02.04.2018","38,10","37,57","38,20","37,57","2,70K","1,38%"
"29.03.2018","37,58","37,51","37,75","37,21","2,39K","0,00%"
"28.03.2018","37,58","37,75","37,85","37,46","1,34K","-0,69%"
"27.03.2018","37,84","38,10","38,85","37,71","2,56K","-0,34%"
"26.03.2018","37,97","37,65","38,26","37,20","2,60K","0,56%"
"23.03.2018","37,76","37,90","38,34","37,60","3,23K","-0,68%"
"22.03.2018","38,02","38,65","39,20","37,87","4,68K","-1,76%"
"21.03.2018","38,70","39,30","39,95","38,65","6,14K","-1,38%"
"20.03.2018","39,24","37,48","39,34","37,45","5,04K","4,36%"
"19.03.2018","37,60","38,40","38,64","37,50","3,52K","-2,21%"
"16.03.2018","38,45","39,02","39,11","38,29","2,96K","-9,97%"
"15.03.2018","42,71","43,05","43,10","42,85","0,35K","-1,32%"
"14.03.2018","43,28","43,10","43,29","42,90","0,66K","0,53%"
"13.03.2018","43,05","41,82","43,20","41,82","2,63K","3,02%"
"12.03.2018","41,79","40,90","41,89","40,52","1,47K","2,15%"
"09.03.2018","40,91","40,58","41,00","40,55","2,08K","0,66%"
"08.03.2018","40,64","40,26","40,76","40,24","0,94K","0,87%"
"07.03.2018","40,29","40,65","40,78","39,84","2,24K","-1,01%"
"06.03.2018","40,70","40,25","41,09","40,22","4,65K","1,14%"
"05.03.2018","40,24","40,45","40,55","39,65","3,51K","-0,64%"
"02.03.2018","40,50","39,80","40,58","39,60","2,53K","1,78%"
"01.03.2018","39,79","39,37","39,85","38,61","4,06K","1,25%"
"28.02.2018","39,30","39,41","40,36","38,39","5,09K","-0,48%"
"27.02.2018","39,49","39,05","39,65","38,19","3,55K","1,36%"
"26.02.2018","38,96","36,91","39,16","36,90","4,18K","4,45%"
"23.02.2018","37,30","36,24","37,56","36,18","6,30K","2,84%"
"22.02.2018","36,27","36,32","36,75","36,05","2,65K","-0,33%"
"21.02.2018","36,39","35,37","36,48","35,26","4,81K","3,03%"
"20.02.2018","35,32","35,25","35,35","35,25","4,09K","1,76%"
"19.02.2018","34,71","34,78","34,78","34,67","1,49K","0,17%"
"16.02.2018","34,65","34,14","34,68","34,06","2,02K","1,46%"
"15.02.2018","34,15","33,77","34,29","33,62","1,74K","0,92%"
"14.02.2018","33,84","33,66","33,94","33,66","0,34K","0,21%"
"09.02.2018","33,77","34,02","34,20","33,80","1,48K","-1,08%"
"08.02.2018","34,14","33,96","34,30","33,85","2,28K","0,56%"
"07.02.2018","33,95","33,69","34,03","33,65","2,18K","0,68%"
"06.02.2018","33,72","33,60","33,85","33,50","1,49K","0,30%"
"05.02.2018","33,62","33,29","33,65","33,21","2,13K","1,08%"
"02.02.2018","33,26","33,28","33,35","33,12","0,78K","0,09%"
"01.02.2018","33,23","33,13","33,35","33,10","1,00K","0,61%"
"31.01.2018","33,03","33,04","33,19","32,80","2,03K","0,09%"
"30.01.2018","33,00","33,15","33,45","33,05","2,04K","-0,60%"
"29.01.2018","33,20","32,62","33,21","32,61","1,02K","1,68%"
"26.01.2018","32,65","32,85","32,93","32,54","1,33K","-0,67%"
"24.01.2018","32,87","32,82","33,01","32,70","1,11K","-0,15%"
"23.01.2018","32,92","33,18","33,33","32,83","1,97K","-0,78%"
"22.01.2018","33,18","32,85","33,19","32,68","1,11K","1,00%"
"19.01.2018","32,85","32,60","33,04","32,56","1,70K","0,67%"
"18.01.2018","32,63","32,10","32,70","32,10","1,60K","1,34%"
"17.01.2018","32,20","31,82","32,41","31,68","3,04K","1,07%"
"16.01.2018","31,86","32,20","32,20","31,80","1,63K","-2,12%"
"15.01.2018","32,55","31,76","32,47","31,76","1,38K","1,85%"
"12.01.2018","31,96","31,92","32,10","31,88","1,40K","0,03%"
"11.01.2018","31,95","31,84","32,15","31,84","1,50K","0,69%"
"10.01.2018","31,73","32,34","32,60","31,75","1,67K","-2,55%"
"09.01.2018","32,56","32,81","32,90","32,44","1,29K","-0,46%"
"08.01.2018","32,71","32,76","33,00","32,65","0,70K","-0,58%"
"05.01.2018","32,90","33,15","33,20","32,56","0,57K","-0,66%"
"04.01.2018","33,12","33,25","33,42","33,03","1,44K","-0,24%"
"03.01.2018","33,20","33,11","33,33","32,75","0,60K","0,00%"
"02.01.2018","33,20","33,45","33,50","33,20","0,42K","-0,60%"
"28.12.2017","33,40","33,25","33,64","33,25","0,77K","0,30%"
"27.12.2017","33,30","32,94","33,30","32,86","0,45K","0,94%"
"26.12.2017","32,99","32,87","33,04","32,85","0,20K","-0,24%"
"22.12.2017","33,07","33,10","33,17","32,50","0,99K","-0,21%"
"21.12.2017","33,14","33,44","33,55","33,05","0,98K","-0,78%"
"20.12.2017","33,40","33,37","33,59","33,27","1,02K","0,12%"
"19.12.2017","33,36","33,15","33,40","33,07","1,44K","0,30%"
"18.12.2017","33,26","33,20","33,44","33,05","0,84K","0,15%"
"15.12.2017","33,21","33,24","33,30","32,95","0,85K","-0,18%"
"14.12.2017","33,27","32,81","33,25","32,70","1,25K","1,49%"
"13.12.2017","32,78","32,77","33,00","32,40","0,72K","0,00%"
"12.12.2017","32,78","32,33","32,87","32,33","1,94K","1,45%"
"11.12.2017","32,31","32,45","32,50","32,20","0,95K","-0,31%"
"08.12.2017","32,41","32,55","32,61","32,28","0,72K","-0,43%"
"07.12.2017","32,55","32,11","32,75","32,07","3,09K","1,37%"
"06.12.2017","32,11","32,47","32,54","32,05","1,76K","-1,32%"
"05.12.2017","32,54","32,47","32,64","32,38","3,81K","0,31%"
"04.12.2017","32,44","32,20","32,55","32,12","1,86K","0,84%"
"01.12.2017","32,17","32,25","32,35","31,95","1,22K","-0,06%"
"30.11.2017","32,19","31,60","32,19","31,58","3,98K","2,09%"
"29.11.2017","31,53","31,36","31,59","31,19","2,88K","0,67%"
"28.11.2017","31,32","31,50","31,55","31,21","2,74K","-0,70%"
"27.11.2017","31,54","31,56","31,75","31,49","1,40K","0,06%"
"24.11.2017","31,52","31,94","31,95","31,41","4,07K","-0,94%"
"23.11.2017","31,82","31,89","31,89","31,41","4,11K","0,35%"
"22.11.2017","31,71","32,00","32,05","31,61","3,61K","-0,69%"
"21.11.2017","31,93","32,43","32,60","31,95","4,15K","-1,48%"
"17.11.2017","32,41","32,69","32,90","32,40","3,36K","0,43%"
"16.11.2017","32,27","32,29","32,30","32,20","0,77K","0,06%"
"14.11.2017","32,25","32,39","32,39","32,15","1,96K","-0,25%"
"13.11.2017","32,33","32,20","32,39","32,20","1,87K","1,06%"
"10.11.2017","31,99","31,90","32,06","31,85","1,17K","-0,68%"
"09.11.2017","32,21","32,17","32,37","31,39","1,45K","-0,34%"
"08.11.2017","32,32","32,30","32,65","32,28","1,06K","0,00%"
"07.11.2017","32,32","32,51","32,55","32,11","1,17K","-0,77%"
"06.11.2017","32,57","32,70","32,73","32,37","1,25K","-0,37%"
"03.11.2017","32,69","32,72","32,72","32,68","1,70K","1,33%"
"01.11.2017","32,26","31,98","32,35","31,89","3,68K","1,19%"
"31.10.2017","31,88","31,66","32,05","31,65","1,23K","0,63%"
"30.10.2017","31,68","31,67","31,90","31,64","0,59K","0,09%"
"27.10.2017","31,65","31,79","32,05","31,56","0,86K","-0,38%"
"26.10.2017","31,77","31,60","31,90","31,52","1,40K","0,38%"
"25.10.2017","31,65","32,18","32,19","31,55","2,25K","-1,37%"
"24.10.2017","32,09","31,90","32,32","31,81","1,52K","0,82%"
"23.10.2017","31,83","31,46","31,91","31,35","1,38K","1,47%"
"20.10.2017","31,37","31,43","31,49","31,10","2,13K","-0,03%"
"19.10.2017","31,38","32,40","32,45","31,27","3,57K","-3,09%"
"18.10.2017","32,38","32,69","32,69","32,20","1,85K","-0,55%"
"17.10.2017","32,56","32,82","33,09","32,50","2,78K","-0,67%"
"16.10.2017","32,78","32,80","32,85","32,33","1,05K","0,24%"
"13.10.2017","32,70","32,52","32,80","32,39","1,56K","0,06%"
"11.10.2017","32,68","32,68","33,00","32,51","2,39K","0,12%"
"10.10.2017","32,64","32,18","32,69","32,15","2,60K","1,56%"
"09.10.2017","32,14","31,67","32,19","31,49","2,09K","1,71%"
"06.10.2017","31,60","30,94","31,68","30,90","2,05K","2,30%"
"05.10.2017","30,89","30,84","31,01","30,72","1,88K","0,26%"
"04.10.2017","30,81","31,02","31,15","30,61","2,33K","-0,61%"
"03.10.2017","31,00","30,64","31,05","30,60","4,10K","1,17%"
"02.10.2017","30,64","30,65","30,85","30,45","2,60K","0,03%"
"29.09.2017","30,63","30,82","30,82","30,37","1,84K","-0,58%"
"28.09.2017","30,81","30,68","31,18","30,46","3,33K","0,29%"
"27.09.2017","30,72","30,45","30,80","30,04","2,87K","1,12%"
"26.09.2017","30,38","30,92","30,94","30,35","3,26K","-1,62%"
"25.09.2017","30,88","31,36","31,59","30,15","2,97K","-1,66%"
"22.09.2017","31,40","31,81","32,20","31,35","2,49K","-1,94%"
"21.09.2017","32,02","31,79","32,60","31,61","3,89K","1,14%"
"20.09.2017","31,66","30,60","31,75","30,51","2,88K","0,00%"
"19.09.2017","31,66","30,90","30,92","30,55","1,49K","2,99%"
"18.09.2017","30,74","30,80","30,90","30,44","0,87K","7,07%"
"15.09.2017","28,71","28,42","28,73","28,42","0,95K","1,06%"
"14.09.2017","28,41","28,37","28,50","28,32","3,23K","0,11%"
"13.09.2017","28,38","28,32","28,44","28,25","1,99K","0,25%"
"12.09.2017","28,31","28,11","28,34","28,10","4,15K","0,75%"
"11.09.2017","28,10","28,27","28,30","28,00","1,57K","-0,39%"
"08.09.2017","28,21","28,40","28,50","28,15","1,94K","-0,67%"
"06.09.2017","28,40","28,34","28,45","28,07","3,02K","0,74%"
"05.09.2017","28,19","27,56","28,27","27,48","4,85K","2,25%"
"04.09.2017","27,57","27,60","27,74","27,43","1,22K","-0,29%"
"01.09.2017","27,65","27,65","28,07","27,58","3,57K","0,11%"
"31.08.2017","27,62","27,31","27,75","27,29","3,31K","1,51%"
"30.08.2017","27,21","27,07","27,25","26,96","1,53K","-0,29%"
"29.08.2017","27,29","27,30","27,38","27,16","1,81K","0,07%"
"28.08.2017","27,27","27,59","27,65","27,12","2,10K","-1,23%"
"25.08.2017","27,61","27,94","28,00","27,43","1,05K","-0,75%"
"24.08.2017","27,82","27,60","27,90","27,50","1,29K","0,61%"
"23.08.2017","27,65","27,85","27,90","27,40","1,51K","-1,14%"
"22.08.2017","27,97","28,84","28,85","27,80","2,69K","-3,35%"
"21.08.2017","28,94","28,73","29,10","28,55","1,65K","1,08%"
"18.08.2017","28,63","28,50","28,83","28,35","3,21K","1,60%"
"17.08.2017","28,18","28,15","28,24","27,73","1,73K","1,22%"
"16.08.2017","27,84","27,76","28,19","27,73","3,86K","0,18%"
"15.08.2017","27,79","27,16","27,86","27,15","3,15K","1,57%"
"14.08.2017","27,36","27,20","27,45","27,16","2,16K","0,81%"
"11.08.2017","27,14","27,10","27,25","26,88","2,14K","0,48%"
"10.08.2017","27,01","26,98","27,30","26,70","6,36K","0,37%"
"09.08.2017","26,91","26,76","26,98","26,40","2,77K","1,13%"
"08.08.2017","26,61","26,43","26,73","26,42","1,35K","0,38%"
"07.08.2017","26,51","26,19","26,57","26,15","1,81K","1,34%"
"04.08.2017","26,16","26,07","26,47","25,95","1,63K","0,69%"
"03.08.2017","25,98","25,82","26,20","25,61","2,94K","-0,12%"
"02.08.2017","26,01","25,93","26,06","25,92","1,45K","0,50%"
"01.08.2017","25,88","26,00","26,07","25,85","4,48K","-1,03%"
"31.07.2017","26,15","25,91","26,20","25,85","1,15K","0,11%"
"28.07.2017","26,12","26,01","26,27","25,91","1,28K","0,73%"
"27.07.2017","25,93","26,02","26,08","25,80","1,62K","-0,27%"
"26.07.2017","26,00","25,91","26,10","25,85","1,31K","-0,08%"
"25.07.2017","26,02","26,00","26,19","25,99","2,49K","-0,31%"
"24.07.2017","26,10","26,03","26,14","25,90","1,50K","-0,72%"
"21.07.2017","26,29","26,60","26,70","26,27","1,59K","-1,20%"
"20.07.2017","26,61","26,40","26,74","26,40","1,81K","1,10%"
"19.07.2017","26,32","26,34","26,50","26,25","1,45K","0,19%"
"18.07.2017","26,27","26,37","27,09","26,15","4,53K","-0,61%"
"17.07.2017","26,43","26,43","26,43","26,43","0,06K","-1,01%"
"14.07.2017","26,70","26,20","26,65","26,20","0,06K","1,52%"
"13.07.2017","26,30","26,45","26,45","26,25","0,01K","-0,57%"
"12.07.2017","26,45","27,00","27,00","26,55","0,01K","-1,42%"
"11.07.2017","26,83","26,83","26,83","26,83","0,01K","2,02%"
"10.07.2017","26,30","26,50","26,50","26,41","0,01K","3,95%"
"07.07.2017","25,30","26,00","26,39","26,00","0,03K","0,64%"
"06.07.2017","25,14","25,60","25,60","25,55","0,00K","-1,14%"
"05.07.2017","25,43","25,95","25,95","25,62","1,23K","-1,13%"
"04.07.2017","25,72","25,50","26,00","25,50","0,06K","1,46%"
"03.07.2017","25,35","25,10","25,60","25,10","0,04K","-0,78%"
"30.06.2017","25,55","25,35","25,60","25,35","0,04K","0,16%"
"29.06.2017","25,51","25,49","25,49","25,49","0,00K","0,20%"
"28.06.2017","25,46","25,25","25,46","25,25","0,06K","-0,55%"
"27.06.2017","25,60","25,35","25,90","25,35","0,23K","-1,54%"
"26.06.2017","26,00","26,11","26,11","25,95","0,03K","0,00%"
"23.06.2017","26,00","26,40","26,40","26,11","0,16K","-0,57%"
"22.06.2017","26,15","26,41","26,41","26,41","0,08K","-0,95%"
"21.06.2017","26,40","26,42","26,42","26,42","0,00K","0,00%"
"20.06.2017","26,40","26,47","26,47","26,47","0,00K","0,00%"
"19.06.2017","26,40","26,40","26,40","26,40","0,03K","0,00%"
"16.06.2017","26,40","26,40","26,40","26,40","0,03K","0,00%"
"15.06.2017","26,40","26,40","26,40","26,40","-","-0,19%"
"14.06.2017","26,45","26,56","26,60","26,45","0,04K","0,53%"
"13.06.2017","26,31","26,41","26,50","26,31","0,04K","0,42%"
"12.06.2017","26,20","26,52","26,52","26,20","0,05K","-2,42%"
"09.06.2017","26,85","26,80","26,85","26,80","0,01K","0,75%"
"08.06.2017","26,65","26,40","26,65","26,40","0,03K","0,19%"
"07.06.2017","26,60","26,60","26,60","26,60","0,03K","2,31%"
"06.06.2017","26,00","26,11","26,11","26,11","0,00K","-0,08%"
"05.06.2017","26,02","26,01","26,02","26,01","0,03K","-0,72%"
"02.06.2017","26,21","26,21","26,21","26,21","-","0,00%"
"01.06.2017","26,21","26,00","26,50","26,00","0,30K","-1,47%"
"31.05.2017","26,60","26,82","26,82","26,60","0,50K","-2,85%"
"30.05.2017","27,38","27,38","27,38","27,38","-","-1,23%"
"29.05.2017","27,72","27,72","27,72","27,72","-","0,69%"
"26.05.2017","27,53","27,53","27,53","27,53","-","-0,07%"
"25.05.2017","27,55","27,55","27,55","27,55","-","-0,18%"
"24.05.2017","27,60","27,60","27,60","27,60","-","-0,93%"
"23.05.2017","27,86","27,86","27,86","27,86","-","-1,76%"
"22.05.2017","28,36","28,36","28,36","28,36","-","0,07%"
"19.05.2017","28,34","28,34","28,34","28,34","-","-0,84%"
"18.05.2017","28,58","28,58","28,58","28,58","-","4,31%"
"17.05.2017","27,40","27,40","27,40","27,40","-","0,04%"
"16.05.2017","27,39","27,39","27,39","27,39","-","-2,42%"
"15.05.2017","28,07","28,09","28,10","28,01","0,09K","0,43%"
"12.05.2017","27,95","27,93","27,99","27,85","0,68K","0,25%"
"11.05.2017","27,88","28,05","28,05","27,85","1,22K","-0,07%"
"10.05.2017","27,90","27,85","27,90","27,77","0,23K","0,00%"
"09.05.2017","27,90","28,06","28,07","27,60","0,65K","-0,46%"
"08.05.2017","28,03","28,20","28,20","27,95","0,28K","-0,50%"
"05.05.2017","28,17","28,14","28,31","28,13","1,04K","0,72%"
"04.05.2017","27,97","28,15","28,39","27,91","0,80K","-0,11%"
"03.05.2017","28,00","27,90","28,05","27,85","1,52K","-0,39%"
"02.05.2017","28,11","28,16","28,21","28,07","0,67K","-0,04%"
"28.04.2017","28,12","28,15","28,22","28,00","0,52K","-0,32%"
"27.04.2017","28,21","28,18","28,30","28,07","0,99K","0,39%"
"26.04.2017","28,10","28,21","28,25","28,05","1,13K","-1,37%"
"25.04.2017","28,49","28,59","28,68","28,31","2,35K","0,53%"
"24.04.2017","28,34","28,21","28,46","28,18","1,39K","1,07%"
"20.04.2017","28,04","28,25","28,37","27,94","1,89K","-1,44%"
"19.04.2017","28,45","28,49","28,66","28,26","2,28K","1,43%"
"18.04.2017","28,05","27,80","28,13","27,70","2,27K","1,85%"
"17.04.2017","27,54","27,46","27,70","27,41","1,97K","1,25%"
"13.04.2017","27,20","27,00","27,29","27,00","1,50K","0,97%"
"12.04.2017","26,94","27,17","27,27","26,60","2,99K","-0,85%"
"11.04.2017","27,17","27,24","27,39","27,06","1,28K","-0,91%"
"10.04.2017","27,42","27,30","27,47","27,13","0,83K","1,22%"
"07.04.2017","27,09","27,00","27,24","26,90","2,45K","0,22%"
"06.04.2017","27,03","27,41","27,43","26,95","2,19K","-0,84%"
"05.04.2017","27,26","27,29","27,33","27,10","1,51K","-0,44%"
"04.04.2017","27,38","27,66","27,78","27,27","1,59K","-2,25%"
"03.04.2017","28,01","28,67","28,75","27,95","1,91K","-1,82%"
"31.03.2017","28,53","28,70","29,20","28,45","2,67K","0,49%"
"30.03.2017","28,39","28,46","28,80","28,30","2,13K","-0,14%"
"29.03.2017","28,43","28,35","28,55","28,31","1,57K","1,14%"
"28.03.2017","28,11","28,44","28,50","27,96","2,70K","-1,20%"
"27.03.2017","28,45","27,90","29,15","27,74","3,00K","2,19%"
"24.03.2017","27,84","28,27","28,46","27,80","2,34K","-1,45%"
"23.03.2017","28,25","28,62","28,69","28,10","2,61K","-1,60%"
"22.03.2017","28,71","30,02","30,02","28,65","3,16K","-4,20%"
"21.03.2017","29,97","29,80","30,08","29,73","1,09K","0,64%"
"20.03.2017","29,78","30,21","30,22","29,75","2,61K","-1,59%"
"17.03.2017","30,26","30,63","30,80","30,16","1,81K","-1,50%"
"16.03.2017","30,72","30,63","31,10","30,57","1,99K","-12,48%"
"15.03.2017","35,10","34,96","35,09","34,93","0,76K","1,56%"
"14.03.2017","34,56","34,89","35,10","34,54","2,06K","-1,37%"
"13.03.2017","35,04","35,13","35,22","34,95","0,33K","-0,20%"
"10.03.2017","35,11","34,75","35,15","34,75","0,39K","0,72%"
"09.03.2017","34,86","35,01","35,13","34,80","1,10K","-1,22%"
"08.03.2017","35,29","35,42","35,45","35,11","0,41K","-0,03%"
"07.03.2017","35,30","35,81","35,90","35,21","1,24K","-1,40%"
"06.03.2017","35,80","35,80","35,95","35,71","1,25K","0,96%"
"03.03.2017","35,46","35,43","35,68","35,30","2,47K","0,51%"
"02.03.2017","35,28","35,07","35,37","34,96","1,60K","1,35%"
"01.03.2017","34,81","34,75","35,00","34,66","0,42K","0,75%"
"24.02.2017","34,55","34,42","34,77","34,41","0,83K","-0,40%"
"23.02.2017","34,69","34,57","34,79","34,49","2,21K","1,34%"
"22.02.2017","34,23","34,50","34,50","34,08","1,78K","0,15%"
"21.02.2017","34,18","33,82","34,30","33,66","1,37K","0,38%"
"20.02.2017","34,05","34,34","34,44","33,85","1,47K","-0,23%"
"17.02.2017","34,13","34,37","34,48","34,05","2,16K","-0,06%"
"16.02.2017","34,15","34,05","34,50","34,03","1,61K","-0,15%"
"15.02.2017","34,20","34,56","34,85","34,00","3,22K","-1,30%"
"14.02.2017","34,65","35,15","35,25","34,56","1,41K","-1,28%"
"13.02.2017","35,10","35,30","35,46","34,80","2,20K","0,26%"
"10.02.2017","35,01","34,41","35,30","34,35","2,93K","2,16%"
"09.02.2017","34,27","34,32","34,60","34,11","1,42K","0,47%"
"08.02.2017","34,11","33,89","34,23","33,88","0,71K","0,29%"
"07.02.2017","34,01","34,12","34,30","33,80","1,88K","-1,16%"
"06.02.2017","34,41","34,30","34,97","34,30","1,78K","0,03%"
"03.02.2017","34,40","34,20","34,65","34,07","1,49K","0,64%"
"02.02.2017","34,18","34,59","34,60","34,05","2,68K","-1,16%"
"01.02.2017","34,58","34,75","34,76","34,24","1,41K","0,67%"
"31.01.2017","34,35","34,20","34,48","33,85","1,64K","0,47%"
"30.01.2017","34,19","35,06","35,40","34,10","2,46K","-2,76%"
"27.01.2017","35,16","34,91","35,25","34,39","2,16K","0,72%"
"26.01.2017","34,91","35,43","35,55","34,75","1,36K","-0,96%"
"24.01.2017","35,25","35,44","36,05","35,07","1,64K","-0,56%"
"23.01.2017","35,45","34,50","35,55","34,50","1,76K","2,72%"
"20.01.2017","34,51","35,00","35,24","34,50","1,76K","-1,99%"
"19.01.2017","35,21","35,87","36,12","35,07","2,12K","-1,65%"
"18.01.2017","35,80","35,34","35,87","35,20","2,95K","2,67%"
"17.01.2017","34,87","34,37","34,99","34,37","1,94K","1,78%"
"16.01.2017","34,26","34,45","34,50","34,28","0,43K","-0,64%"
"13.01.2017","34,48","34,56","34,66","34,46","0,27K","-0,06%"
"12.01.2017","34,50","34,50","34,94","34,42","0,72K","-0,35%"
"11.01.2017","34,62","34,16","34,68","34,16","0,67K","-0,09%"
"10.01.2017","34,65","35,53","35,60","34,50","2,30K","-3,37%"
"09.01.2017","35,86","36,55","36,55","35,81","1,46K","-1,75%"
"06.01.2017","36,50","36,70","36,89","36,50","1,45K","-0,79%"
"05.01.2017","36,79","37,40","37,45","36,75","1,99K","-1,50%"
"04.01.2017","37,35","38,00","38,00","37,30","1,31K","-1,53%"
"03.01.2017","37,93","38,00","38,25","37,89","0,77K","-0,18%"
"02.01.2017","38,00","37,92","38,39","37,82","0,29K","0,18%"
"29.12.2016","37,93","38,06","38,11","37,72","0,63K","-0,76%"
"28.12.2016","38,22","38,40","38,45","38,05","0,32K","-0,23%"
"27.12.2016","38,31","38,10","38,40","38,00","0,44K","0,60%"
"26.12.2016","38,08","38,08","38,59","37,87","0,82K","0,13%"
"23.12.2016","38,03","38,00","38,17","37,85","0,58K","-0,24%"
"22.12.2016","38,12","38,85","39,00","38,10","1,55K","-2,11%"
"21.12.2016","38,94","39,40","39,44","38,90","0,89K","-1,12%"
"20.12.2016","39,38","39,20","39,55","39,28","0,99K","0,79%"
"19.12.2016","39,07","38,86","39,19","38,76","0,64K","0,62%"
"16.12.2016","38,83","39,30","39,30","38,81","0,85K","-1,10%"
"15.12.2016","39,26","39,40","39,48","39,20","0,66K","0,03%"
"14.12.2016","39,25","38,85","39,41","38,75","1,82K","1,03%"
"13.12.2016","38,85","38,55","39,09","38,51","1,53K","0,99%"
"12.12.2016","38,47","38,45","38,57","38,02","1,43K","-0,08%"
"09.12.2016","38,50","38,30","38,94","38,30","1,26K","0,65%"
"08.12.2016","38,25","38,66","38,74","37,75","1,52K","-1,06%"
"07.12.2016","38,66","38,70","39,20","38,64","1,56K","-0,21%"
"06.12.2016","38,74","38,44","38,85","38,27","2,14K","1,25%"
"05.12.2016","38,26","38,55","38,65","37,79","1,18K","-0,31%"
"02.12.2016","38,38","38,40","38,95","38,00","1,31K","-0,05%"
"01.12.2016","38,40","37,59","38,45","37,59","2,52K","2,45%"
"30.11.2016","37,48","37,39","37,58","36,91","1,02K","0,19%"
"29.11.2016","37,41","37,32","37,86","37,23","1,44K","-0,08%"
"28.11.2016","37,44","37,50","37,70","37,01","1,28K","-0,40%"
"25.11.2016","37,59","37,88","37,88","37,30","0,87K","-0,77%"
"24.11.2016","37,88","37,65","38,15","37,41","0,56K","0,61%"
"23.11.2016","37,65","37,89","37,89","37,35","0,79K","-0,48%"
"22.11.2016","37,83","37,43","37,99","37,20","1,87K","0,99%"
"21.11.2016","37,46","37,75","37,85","37,32","1,58K","-0,87%"
"18.11.2016","37,79","37,90","38,20","37,55","1,48K","-0,63%"
"17.11.2016","38,03","39,50","39,79","38,00","2,15K","-4,13%"
"16.11.2016","39,67","39,59","39,60","39,45","0,47K","0,38%"
"14.11.2016","39,52","39,25","39,80","39,20","0,14K","0,82%"
"11.11.2016","39,20","39,26","39,40","38,85","1,04K","-0,08%"
"10.11.2016","39,23","39,21","39,68","38,93","0,63K","0,05%"
"09.11.2016","39,21","39,48","39,50","39,19","0,40K","-0,48%"
"08.11.2016","39,40","39,44","39,80","39,35","0,59K","0,00%"
"07.11.2016","39,40","40,15","40,28","39,20","1,51K","-1,87%"
"04.11.2016","40,15","40,60","40,75","40,11","1,09K","-1,08%"
"03.11.2016","40,59","40,95","41,06","39,98","1,01K","-0,93%"
"01.11.2016","40,97","41,45","41,78","40,80","1,83K","-0,87%"
"31.10.2016","41,33","40,96","41,57","40,93","1,10K","0,46%"
"28.10.2016","41,14","39,78","41,21","39,60","2,26K","3,42%"
"27.10.2016","39,78","39,09","39,79","39,09","1,96K","1,82%"
"26.10.2016","39,07","39,00","39,30","38,75","1,44K","0,05%"
"25.10.2016","39,05","39,71","39,75","39,02","1,89K","-1,69%"
"24.10.2016","39,72","40,20","40,34","39,66","1,34K","-1,14%"
"21.10.2016","40,18","40,70","40,70","40,01","2,29K","-1,01%"
"20.10.2016","40,59","40,65","41,10","40,40","0,97K","0,22%"
"19.10.2016","40,50","41,00","41,27","40,41","2,06K","-1,51%"
"18.10.2016","41,12","42,04","42,22","41,02","1,89K","-2,44%"
"17.10.2016","42,15","43,25","43,33","42,01","1,61K","-2,63%"
"14.10.2016","43,29","43,10","43,51","43,01","0,97K","0,42%"
"13.10.2016","43,11","43,41","43,50","42,91","0,90K","-0,65%"
"11.10.2016","43,39","43,01","43,75","42,95","1,08K","0,91%"
"10.10.2016","43,00","42,85","43,21","42,30","0,74K","0,02%"
"07.10.2016","42,99","43,10","43,70","42,80","1,14K","-0,02%"
"06.10.2016","43,00","43,70","44,05","42,72","2,65K","-1,67%"
"05.10.2016","43,73","43,90","44,40","43,42","1,31K","-0,05%"
"04.10.2016","43,75","43,45","43,91","43,11","1,52K","0,18%"
"03.10.2016","43,67","42,80","43,75","42,80","1,47K","2,18%"
"30.09.2016","42,74","41,75","43,32","41,65","3,01K","2,35%"
"29.09.2016","41,76","40,50","41,98","40,42","3,07K","2,91%"
"28.09.2016","40,58","40,50","40,94","40,20","2,56K","0,45%"
"27.09.2016","40,40","40,26","40,45","39,90","0,89K","0,57%"
"26.09.2016","40,17","40,30","40,35","39,93","1,09K","-0,32%"
"23.09.2016","40,30","40,78","40,92","40,00","1,40K","-1,32%"
"22.09.2016","40,84","41,00","41,39","40,53","1,48K","-0,63%"
"21.09.2016","41,10","41,65","41,69","41,07","0,96K","-1,39%"
"20.09.2016","41,68","42,05","42,10","41,50","1,16K","-0,81%"
"19.09.2016","42,02","41,81","42,38","41,61","0,72K","0,00%"
"16.09.2016","42,02","42,70","42,70","41,80","1,42K","-0,71%"
"15.09.2016","42,32","42,15","42,29","42,15","0,16K","0,45%"
"14.09.2016","42,13","42,20","42,35","42,00","0,97K","0,05%"
"13.09.2016","42,11","42,25","42,50","41,90","0,41K","-0,21%"
"12.09.2016","42,20","41,85","42,45","41,55","0,89K","1,15%"
"09.09.2016","41,72","41,92","41,97","41,10","0,56K","-0,50%"
"08.09.2016","41,93","42,10","42,39","41,42","0,83K","-0,02%"
"06.09.2016","41,94","41,60","42,50","41,41","0,57K","0,17%"
"05.09.2016","41,87","43,38","43,89","41,50","2,37K","-0,43%"
"02.09.2016","42,05","40,20","42,05","40,05","1,00K","4,99%"
"01.09.2016","40,05","40,36","40,69","39,80","2,24K","-1,14%"
"31.08.2016","40,51","40,86","41,00","40,41","1,23K","-1,10%"
"30.08.2016","40,96","41,84","42,05","40,80","1,29K","-1,85%"
"29.08.2016","41,73","41,50","41,90","40,70","0,48K","0,60%"
"26.08.2016","41,48","42,00","42,49","40,95","2,41K","-1,29%"
"25.08.2016","42,02","43,27","43,27","41,82","2,30K","-2,48%"
"24.08.2016","43,09","43,79","44,00","43,01","0,60K","-0,67%"
"23.08.2016","43,38","43,62","43,70","43,00","1,15K","-0,98%"
"22.08.2016","43,81","44,01","44,40","43,50","0,67K","-0,05%"
"19.08.2016","43,83","44,12","44,12","43,50","0,67K","-0,70%"
"18.08.2016","44,14","43,75","44,45","43,72","1,54K","0,89%"
"17.08.2016","43,75","44,10","44,10","43,21","1,47K","-0,82%"
"16.08.2016","44,11","44,38","45,05","44,05","1,57K","-0,79%"
"15.08.2016","44,46","43,44","44,70","43,44","1,67K","2,35%"
"12.08.2016","43,44","43,05","43,80","42,91","1,30K","-0,05%"
"11.08.2016","43,46","44,40","44,70","43,31","4,14K","-2,82%"
"10.08.2016","44,72","45,49","45,55","44,51","2,89K","-1,65%"
"09.08.2016","45,47","45,15","46,00","45,01","1,85K","0,78%"
"08.08.2016","45,12","44,92","45,55","44,20","1,43K","0,24%"
"05.08.2016","45,01","44,91","45,39","44,81","1,44K","0,31%"
"04.08.2016","44,87","45,90","45,90","44,80","2,63K","-2,20%"
"03.08.2016","45,88","45,79","46,40","45,41","2,06K","0,11%"
"02.08.2016","45,83","47,66","47,70","45,51","4,94K","-3,92%"
"01.08.2016","47,70","47,40","47,99","47,13","1,82K","0,80%"
"29.07.2016","47,32","47,30","47,38","46,51","2,66K","0,08%"
"28.07.2016","47,28","48,85","48,85","47,20","4,05K","-3,21%"
"27.07.2016","48,85","48,40","48,99","48,32","3,28K","0,91%"
"26.07.2016","48,41","47,54","48,59","47,45","3,83K","2,35%"
"25.07.2016","47,30","46,80","47,45","46,50","2,59K","1,07%"
"22.07.2016","46,80","46,95","47,20","46,40","4,15K","0,19%"
"21.07.2016","46,71","45,87","46,86","45,87","2,39K","1,74%"
"20.07.2016","45,91","46,52","47,00","45,60","4,69K","-1,33%"
"19.07.2016","46,53","46,86","47,58","46,00","5,83K","-1,06%"
"18.07.2016","47,03","45,75","47,15","45,75","4,46K","8,92%"
"15.07.2016","43,18","43,05","43,15","43,01","0,82K","0,33%"
"14.07.2016","43,04","42,89","43,17","42,81","1,12K","0,44%"
"13.07.2016","42,85","42,31","42,89","42,31","0,77K","1,30%"
"12.07.2016","42,30","42,50","42,50","41,81","0,71K","-0,47%"
"11.07.2016","42,50","43,00","43,00","42,35","0,11K","-0,82%"
"08.07.2016","42,85","41,50","42,90","41,50","1,10K","3,30%"
"07.07.2016","41,48","40,55","41,70","40,45","1,43K","2,24%"
"06.07.2016","40,57","40,41","40,85","40,32","0,27K","0,25%"
"05.07.2016","40,47","40,90","40,90","39,80","0,72K","1,07%"
"04.07.2016","40,04","39,45","40,50","39,40","0,22K","1,55%"
"01.07.2016","39,43","38,90","39,49","38,90","0,39K","1,10%"
"30.06.2016","39,00","40,17","40,25","38,76","1,00K","-3,47%"
"29.06.2016","40,40","41,37","41,40","40,12","0,65K","-2,44%"
"28.06.2016","41,41","41,12","41,75","41,00","0,33K","0,75%"
"27.06.2016","41,10","40,80","41,35","40,28","0,48K","0,78%"
"24.06.2016","40,78","41,65","41,85","40,31","1,34K","-2,65%"
"23.06.2016","41,89","42,40","42,55","41,55","0,91K","-1,30%"
"22.06.2016","42,44","42,49","42,50","41,20","0,81K","-0,70%"
"21.06.2016","42,74","44,86","44,86","42,74","1,14K","-4,98%"
"20.06.2016","44,98","46,00","46,15","44,75","0,60K","-2,11%"
"17.06.2016","45,95","45,30","46,30","45,30","0,93K","0,75%"
"16.06.2016","45,61","46,58","46,58","45,50","0,82K","-2,08%"
"15.06.2016","46,58","47,55","47,55","46,55","0,95K","-2,08%"
"14.06.2016","47,57","47,60","47,75","46,90","0,55K","-0,06%"
"13.06.2016","47,60","46,75","48,00","46,60","1,62K","1,45%"
"10.06.2016","46,92","46,27","47,66","46,27","0,74K","1,54%"
"09.06.2016","46,21","45,79","46,50","45,79","0,40K","1,12%"
"08.06.2016","45,70","45,55","46,09","45,47","0,40K","0,44%"
"07.06.2016","45,50","45,55","45,74","45,30","0,38K","-0,35%"
"06.06.2016","45,66","45,15","46,00","45,15","0,44K","0,68%"
"03.06.2016","45,35","45,65","46,05","45,20","0,50K","-1,11%"
"02.06.2016","45,86","46,20","46,35","45,51","0,34K","-0,74%"
"01.06.2016","46,20","45,89","46,28","45,50","0,80K","0,76%"
"31.05.2016","45,85","45,05","46,01","45,05","0,81K","1,66%"
"30.05.2016","45,10","46,10","46,10","45,10","0,41K","-2,28%"
"27.05.2016","46,15","45,45","46,30","45,45","0,21K","1,41%"
"25.05.2016","45,51","44,99","45,80","44,99","0,36K","1,38%"
"24.05.2016","44,89","45,26","45,90","44,05","0,63K","-1,88%"
"23.05.2016","45,75","47,88","47,88","45,56","0,50K","-4,51%"
"20.05.2016","47,91","48,70","48,75","47,70","0,39K","-1,92%"
"19.05.2016","48,85","47,99","49,14","47,99","0,78K","1,56%"
"18.05.2016","48,10","47,72","48,10","47,72","0,40K","0,84%"
"17.05.2016","47,70","47,89","47,90","47,26","0,26K","-7,25%"
"16.05.2016","51,43","51,50","51,80","36,50","0,55K","-0,02%"
"13.05.2016","51,44","51,00","51,46","51,00","0,36K","0,90%"
"12.05.2016","50,98","50,65","51,04","50,65","0,35K","0,87%"
"11.05.2016","50,54","51,00","51,00","50,53","0,23K","-0,79%"
"10.05.2016","50,94","51,01","51,10","50,50","0,30K","-0,14%"
"09.05.2016","51,01","51,25","51,35","51,00","0,14K","-0,08%"
"06.05.2016","51,05","51,15","51,20","50,55","0,44K","-0,12%"
"05.05.2016","51,11","50,87","51,27","50,50","0,40K","0,35%"
"04.05.2016","50,93","50,80","51,09","50,55","0,59K","0,45%"
"03.05.2016","50,70","49,60","50,78","49,60","0,49K","1,75%"
"02.05.2016","49,83","49,80","49,98","49,33","0,52K","0,06%"
"29.04.2016","49,80","49,65","50,14","49,50","0,44K","0,38%"
"28.04.2016","49,61","48,90","49,69","48,52","0,62K","1,45%"
"27.04.2016","48,90","48,37","49,10","48,35","0,52K","0,80%"
"26.04.2016","48,51","48,77","48,87","48,00","0,35K","-0,76%"
"25.04.2016","48,88","48,71","49,25","48,49","0,59K","0,29%"
"22.04.2016","48,74","49,28","49,46","48,65","0,71K","-1,08%"
"20.04.2016","49,27","48,60","49,44","48,50","1,13K","1,38%"
"19.04.2016","48,60","47,55","48,65","47,50","1,08K","2,27%"
"18.04.2016","47,52","47,25","47,77","47,10","0,44K","0,25%"
"15.04.2016","47,40","47,50","47,72","46,95","0,67K","-0,13%"
"14.04.2016","47,46","47,00","47,79","46,95","1,10K","1,17%"
"13.04.2016","46,91","46,35","47,15","46,07","1,14K","1,21%"
"12.04.2016","46,35","47,15","47,15","46,25","1,18K","-1,55%"
"11.04.2016","47,08","46,85","47,39","46,51","1,82K","1,03%"
"08.04.2016","46,60","46,40","46,84","46,26","1,00K","0,67%"
"07.04.2016","46,29","45,72","46,55","45,72","1,37K","0,70%"
"06.04.2016","45,97","46,12","46,40","45,81","1,24K","-0,71%"
"05.04.2016","46,30","46,41","46,80","45,65","1,22K","-0,45%"
"04.04.2016","46,51","45,13","46,60","45,05","2,27K","3,06%"
"01.04.2016","45,13","44,93","45,59","44,56","1,31K","0,53%"
"31.03.2016","44,89","46,00","46,09","44,65","2,75K","-2,50%"
"30.03.2016","46,04","45,77","46,13","45,52","1,32K","0,28%"
"29.03.2016","45,91","45,91","46,59","45,80","1,92K","-0,02%"
"28.03.2016","45,92","46,00","46,00","45,20","1,28K","0,07%"
"24.03.2016","45,89","45,85","46,20","45,42","0,99K","0,00%"
"23.03.2016","45,89","45,55","46,67","45,55","3,56K","0,95%"
"22.03.2016","45,46","44,39","45,49","44,25","3,99K","2,83%"
"21.03.2016","44,21","43,17","44,40","43,01","2,00K","1,91%"
"18.03.2016","43,38","44,20","44,30","43,26","2,15K","-1,86%"
"17.03.2016","44,20","45,37","45,37","44,12","2,24K","-2,75%"
"16.03.2016","45,45","44,80","45,77","44,80","1,36K","-5,21%"
"15.03.2016","47,95","47,90","48,14","47,75","0,11K","-0,04%"
"14.03.2016","47,97","48,40","48,40","47,65","0,15K","-1,19%"
"11.03.2016","48,55","47,45","48,89","47,21","0,50K","3,08%"
"10.03.2016","47,10","46,41","47,15","46,41","0,51K","1,40%"
"09.03.2016","46,45","46,05","46,50","45,95","0,63K","1,00%"
"08.03.2016","45,99","45,25","46,15","45,25","0,48K","1,55%"
"07.03.2016","45,29","44,90","45,29","44,80","0,21K","0,44%"
"04.03.2016","45,09","45,50","45,69","44,85","0,30K","-0,60%"
"03.03.2016","45,36","44,55","45,40","44,55","0,50K","1,48%"
"02.03.2016","44,70","44,28","44,75","43,98","1,00K","1,36%"
"01.03.2016","44,10","44,15","44,24","43,60","0,60K","0,18%"
"29.02.2016","44,02","43,76","44,08","43,55","0,74K","0,66%"
"26.02.2016","43,73","43,60","43,90","43,50","0,63K","-0,11%"
"25.02.2016","43,78","43,45","43,93","43,32","1,09K","0,97%"
"24.02.2016","43,36","42,70","43,49","42,69","1,37K","1,62%"
"23.02.2016","42,67","42,23","42,79","42,00","1,03K","1,21%"
"22.02.2016","42,16","42,50","42,79","42,10","0,86K","-0,68%"
"19.02.2016","42,45","42,20","42,55","42,04","1,39K","0,95%"
"18.02.2016","42,05","42,23","42,50","41,66","0,71K","0,14%"
"17.02.2016","41,99","42,20","42,20","41,60","1,33K","-0,66%"
"16.02.2016","42,27","42,20","42,55","42,19","0,50K","0,24%"
"15.02.2016","42,17","42,20","42,59","42,10","0,60K","0,33%"
"12.02.2016","42,03","41,07","42,07","41,00","2,30K","2,24%"
"11.02.2016","41,11","40,15","41,30","40,11","1,31K","1,81%"
"10.02.2016","40,38","41,00","41,00","40,30","0,90K","-1,68%"
"05.02.2016","41,07","41,20","41,39","41,00","0,28K","-0,34%"
"04.02.2016","41,21","41,24","41,50","41,03","0,62K","-0,07%"
"03.02.2016","41,24","41,23","41,37","40,85","0,75K","-0,07%"
"02.02.2016","41,27","40,52","41,49","40,40","1,99K","2,41%"
"01.02.2016","40,30","39,85","40,46","39,61","1,10K","1,26%"
"29.01.2016","39,80","40,00","40,08","39,75","0,84K","-0,82%"
"28.01.2016","40,13","40,25","40,37","39,98","0,38K","0,05%"
"27.01.2016","40,11","39,80","40,15","39,53","1,31K","0,70%"
"26.01.2016","39,83","40,15","40,20","39,63","1,54K","-0,92%"
"22.01.2016","40,20","40,81","41,07","40,11","1,20K","-1,62%"
"21.01.2016","40,86","40,99","41,60","40,67","1,07K","-0,37%"
"20.01.2016","41,01","41,35","41,54","40,88","1,01K","-0,70%"
"19.01.2016","41,30","41,21","41,60","41,20","0,55K","0,32%"
"18.01.2016","41,17","41,50","41,50","40,60","1,05K","-4,54%"
"15.01.2016","43,13","42,73","43,40","42,73","0,11K","0,68%"
"14.01.2016","42,84","42,60","42,84","42,55","0,52K","0,75%"
"13.01.2016","42,52","41,78","42,60","41,78","0,43K","1,75%"
"12.01.2016","41,79","40,45","41,99","40,45","1,99K","3,39%"
"11.01.2016","40,42","40,01","40,55","40,00","0,73K","1,18%"
"08.01.2016","39,95","40,17","40,29","39,60","0,95K","-0,52%"
"07.01.2016","40,16","38,91","40,19","38,85","1,44K","3,19%"
"06.01.2016","38,92","38,51","39,00","38,40","0,59K","0,78%"
"05.01.2016","38,62","37,84","38,70","37,70","0,63K","2,22%"
"04.01.2016","37,78","37,14","37,85","37,13","0,30K","1,42%"
"30.12.2015","37,25","36,65","37,29","36,65","0,63K","1,78%"
"29.12.2015","36,60","36,55","36,60","36,41","0,22K","0,05%"
"28.12.2015","36,58","36,95","36,95","36,39","0,30K","-0,38%"
"23.12.2015","36,72","36,90","36,94","36,65","0,30K","-0,65%"
"22.12.2015","36,96","36,86","37,36","36,86","0,28K","0,33%"
"21.12.2015","36,84","37,10","37,10","36,78","0,22K","0,03%"
"18.12.2015","36,83","36,69","37,00","36,55","0,47K","0,77%"
"17.12.2015","36,55","36,80","36,90","36,45","0,77K","-0,87%"
"16.12.2015","36,87","36,86","37,20","36,65","0,83K","-0,03%"
"15.12.2015","36,88","36,95","37,05","36,80","0,61K","-0,08%"
"14.12.2015","36,91","36,46","37,09","36,25","0,98K","1,35%"
"11.12.2015","36,42","36,10","36,65","36,10","0,80K","1,11%"
"10.12.2015","36,02","35,80","36,10","35,80","0,43K","0,56%"
"09.12.2015","35,82","35,72","36,20","35,65","1,01K","0,31%"
"08.12.2015","35,71","35,54","35,84","35,02","2,04K","0,53%"
"07.12.2015","35,52","36,32","36,39","35,40","1,11K","-2,15%"
"04.12.2015","36,30","35,90","36,35","35,87","0,96K","1,00%"
"03.12.2015","35,94","36,10","36,59","35,80","2,75K","-0,69%"
"02.12.2015","36,19","35,90","36,30","35,90","1,06K","0,98%"
"01.12.2015","35,84","35,70","35,94","35,64","1,26K","0,56%"
"30.11.2015","35,64","34,70","35,72","34,67","2,30K","2,98%"
"27.11.2015","34,61","34,79","34,80","34,52","1,23K","-0,80%"
"26.11.2015","34,89","35,10","35,15","34,75","0,52K","-0,68%"
"25.11.2015","35,13","34,75","35,30","34,75","0,77K","0,60%"
"24.11.2015","34,92","35,09","35,30","34,85","0,92K","-0,26%"
"23.11.2015","35,01","34,49","35,10","34,45","0,87K","1,51%"
"19.11.2015","34,49","34,81","34,88","34,32","1,87K","-0,92%"
"18.11.2015","34,81","35,29","35,35","34,75","0,96K","-1,36%"
"17.11.2015","35,29","35,70","35,74","35,26","1,10K","4,32%"
"16.11.2015","33,83","33,90","33,95","33,90","0,02K","-0,29%"
"13.11.2015","33,93","33,75","33,95","33,70","0,06K","0,41%"
"12.11.2015","33,79","33,71","33,99","33,71","0,07K","0,00%"
"11.11.2015","33,79","33,95","34,25","33,75","0,85K","-0,68%"
"10.11.2015","34,02","34,20","34,30","34,00","0,47K","-0,29%"
"09.11.2015","34,12","34,15","34,35","34,07","0,59K","-0,23%"
"06.11.2015","34,20","34,00","34,25","33,86","0,95K","0,09%"
"05.11.2015","34,17","34,30","34,30","34,10","0,30K","-0,23%"
"04.11.2015","34,25","34,29","34,30","34,06","0,91K","-0,35%"
"03.11.2015","34,37","34,65","34,70","34,25","0,20K","-0,61%"
"30.10.2015","34,58","34,45","34,79","34,45","0,02K","0,23%"
"29.10.2015","34,50","34,66","34,90","34,35","0,00K","0,47%"
"28.10.2015","34,34","34,40","34,50","34,26","0,10K","-0,26%"
"27.10.2015","34,43","34,51","34,59","34,35","0,01K","-0,43%"
"26.10.2015","34,58","34,06","34,70","34,00","1,15K","1,02%"
"23.10.2015","34,23","34,41","34,75","34,16","0,76K","-1,01%"
"22.10.2015","34,58","34,60","34,90","34,50","1,82K","1,05%"
"21.10.2015","34,22","33,85","34,29","33,85","1,73K","1,33%"
"20.10.2015","33,77","33,92","33,94","33,68","0,45K","-0,44%"
"19.10.2015","33,92","33,97","34,08","33,65","1,40K","0,71%"
"16.10.2015","33,68","33,89","33,90","33,60","0,63K","-0,33%"
"15.10.2015","33,79","34,04","34,18","33,55","2,16K","-1,05%"
"14.10.2015","34,15","33,81","34,40","33,71","2,14K","1,46%"
"13.10.2015","33,66","33,50","33,83","33,29","0,61K","0,18%"
"09.10.2015","33,60","33,85","33,95","33,56","1,68K","-1,15%"
"08.10.2015","33,99","34,20","34,29","33,85","1,18K","-0,06%"
"07.10.2015","34,01","34,00","34,09","33,70","1,95K","-0,18%"
"06.10.2015","34,07","34,75","34,85","34,03","1,73K","-1,56%"
"05.10.2015","34,61","34,86","35,10","34,37","2,81K","-1,00%"
"02.10.2015","34,96","35,55","35,79","34,95","0,99K","-1,71%"
"01.10.2015","35,57","35,53","35,89","35,25","1,08K","-0,03%"
"30.09.2015","35,58","36,00","36,00","35,22","3,05K","-1,22%"
"29.09.2015","36,02","35,87","36,45","35,80","2,51K","0,67%"
"28.09.2015","35,78","35,08","35,90","35,00","0,88K","1,59%"
"25.09.2015","35,22","35,01","35,58","34,81","2,73K","-2,71%"
"24.09.2015","36,20","36,18","37,00","35,98","2,33K","0,61%"
"23.09.2015","35,98","35,40","36,28","35,29","2,76K","0,70%"
"22.09.2015","35,73","36,03","36,20","35,40","1,27K","-1,08%"
"21.09.2015","36,12","35,64","36,20","35,28","2,40K","1,80%"
"18.09.2015","35,48","34,20","35,60","33,63","3,86K","3,71%"
"17.09.2015","34,21","34,85","34,98","34,20","2,57K","-1,84%"
"16.09.2015","34,85","35,90","35,90","34,79","2,34K","13,81%"
"15.09.2015","30,62","30,35","30,55","30,30","0,74K","0,89%"
"14.09.2015","30,35","30,15","30,39","30,15","0,48K","0,43%"
"11.09.2015","30,22","30,12","30,25","30,00","1,28K","0,33%"
"10.09.2015","30,12","30,15","30,49","29,90","3,57K","0,30%"
"09.09.2015","30,03","30,05","30,11","29,93","0,89K","0,10%"
"08.09.2015","30,00","30,10","30,26","29,96","0,99K","-0,99%"
"04.09.2015","30,30","30,49","30,50","30,18","1,52K","-0,69%"
"03.09.2015","30,51","29,90","30,85","29,90","2,25K","0,26%"
"02.09.2015","30,43","29,88","30,47","29,88","2,12K","2,08%"
"01.09.2015","29,81","29,56","29,85","29,51","0,93K","0,47%"
"31.08.2015","29,67","29,40","29,75","29,10","1,31K","1,30%"
"28.08.2015","29,29","28,90","29,36","28,72","1,12K","1,38%"
"27.08.2015","28,89","29,25","29,30","28,61","2,08K","-1,23%"
"26.08.2015","29,25","29,02","29,50","28,92","1,05K","0,52%"
"25.08.2015","29,10","29,10","29,10","29,10","1,97K","0,80%"
"24.08.2015","28,87","28,87","28,87","28,87","2,01K","0,52%"
"21.08.2015","28,72","28,49","28,90","28,31","2,72K","1,31%"
"20.08.2015","28,35","27,95","28,50","27,90","2,43K","1,25%"
"19.08.2015","28,00","28,00","28,00","28,00","-","0,83%"
"18.08.2015","27,77","27,87","27,97","27,65","-","-0,36%"
"17.08.2015","27,87","28,01","28,01","27,83","-","-0,57%"
"14.08.2015","28,03","28,18","28,30","27,87","1,00K","-0,53%"
"13.08.2015","28,18","28,04","28,26","27,35","-","0,07%"
"12.08.2015","28,16","28,92","29,29","28,00","-","-3,06%"
"11.08.2015","29,05","29,85","29,93","29,01","4,95K","-2,65%"
"10.08.2015","29,84","29,13","29,90","29,13","-","2,05%"
"07.08.2015","29,24","29,24","29,24","29,24","-","-0,10%"
"06.08.2015","29,27","29,27","29,27","29,27","5,31K","3,32%"
"05.08.2015","28,33","28,33","28,33","28,33","-","3,39%"
"04.08.2015","27,40","26,98","27,60","26,90","3,05K","1,67%"
"03.08.2015","26,95","26,72","27,00","26,72","1,24K","0,45%"
"31.07.2015","26,83","26,84","26,89","26,45","1,67K","0,19%"
"30.07.2015","26,78","26,84","26,85","26,74","-","1,40%"
"29.07.2015","26,41","26,80","26,80","26,31","4,77K","-1,31%"
"28.07.2015","26,76","26,59","26,90","26,51","0,96K","0,45%"
"27.07.2015","26,64","26,64","26,64","26,64","4,50K","-1,99%"
"24.07.2015","27,18","27,38","27,65","27,10","3,18K","-0,51%"
"23.07.2015","27,32","26,99","27,38","26,73","-","1,52%"
"22.07.2015","26,91","26,74","27,05","26,51","2,66K","0,64%"
"21.07.2015","26,74","26,96","27,09","26,63","2,06K","-1,04%"
"20.07.2015","27,02","27,52","27,70","26,95","3,40K","-1,82%"
"17.07.2015","27,52","27,76","27,86","27,40","-","-0,65%"
"16.07.2015","27,70","27,69","28,05","27,61","1,96K","5,60%"
"15.07.2015","26,23","26,23","26,23","26,23","-","0,88%"
"14.07.2015","26,00","26,00","26,00","26,00","0,02K","-3,67%"
"13.07.2015","26,99","26,99","26,99","26,99","-","0,19%"
"10.07.2015","26,94","26,94","26,94","26,94","-","1,66%"
"08.07.2015","26,50","26,50","26,50","26,50","-","-1,96%"
"07.07.2015","27,03","27,03","27,03","27,03","-","-4,01%"
"06.07.2015","28,16","28,16","28,16","28,16","-","0,00%"
"03.07.2015","28,16","28,16","28,16","28,16","-","0,61%"
"02.07.2015","27,99","27,99","27,99","27,99","-","-0,04%"
"01.07.2015","28,00","28,00","28,00","28,00","-","1,08%"
"30.06.2015","27,70","27,70","27,70","27,70","-","4,53%"
"29.06.2015","26,50","26,50","26,50","26,50","-","-0,60%"
"26.06.2015","26,66","26,66","26,66","26,66","-","4,10%"
"25.06.2015","25,61","25,61","25,61","25,61","-","2,19%"
"24.06.2015","25,06","25,06","25,06","25,06","-","0,28%"
"23.06.2015","24,99","24,99","24,99","24,99","-","0,64%"
"22.06.2015","24,83","24,83","24,83","24,83","-","0,73%"
"19.06.2015","24,65","24,65","24,65","24,65","-","-0,40%"
"18.06.2015","24,75","24,75","24,75","24,75","-","-1,00%"
"17.06.2015","25,00","25,00","25,00","25,00","-","-1,34%"
"16.06.2015","25,34","25,34","25,34","25,34","-","1,28%"
"15.06.2015","25,02","25,02","25,02","25,02","-","-0,71%"
"12.06.2015","25,20","25,20","25,20","25,20","-","-2,25%"
"11.06.2015","25,78","25,78","25,78","25,78","-","-0,12%"
"10.06.2015","25,81","25,81","25,81","25,81","-","-0,77%"
"09.06.2015","26,01","26,01","26,01","26,01","-","-0,99%"
"08.06.2015","26,27","26,27","26,27","26,27","-","0,11%"
"05.06.2015","26,24","26,24","26,24","26,24","-","1,23%"
"03.06.2015","25,92","25,92","25,92","25,92","-","-0,08%"
"02.06.2015","25,94","25,94","25,94","25,94","-","0,46%"
"01.06.2015","25,82","25,82","25,82","25,82","-","-0,62%"
"29.05.2015","25,98","25,98","25,98","25,98","-","-0,12%"
"28.05.2015","26,01","26,01","26,01","26,01","-","0,54%"
"27.05.2015","25,87","25,87","25,87","25,87","-","-3,65%"
"26.05.2015","26,85","26,85","26,85","26,85","-","-0,89%"
"25.05.2015","27,09","27,09","27,09","27,09","-","0,78%"
"22.05.2015","26,88","26,88","26,88","26,88","-","1,32%"
"21.05.2015","26,53","26,53","26,53","26,53","-","0,99%"
"20.05.2015","26,27","26,27","26,27","26,27","-","-0,08%"
"19.05.2015","26,29","26,29","26,29","26,29","-","-0,45%"
"18.05.2015","26,41","26,41","26,41","26,41","-","4,14%"
"15.05.2015","25,36","25,34","25,38","25,26","1,00K","0,08%"
"14.05.2015","25,34","25,32","25,39","25,30","0,53K","-0,28%"
"13.05.2015","25,41","25,36","25,47","25,36","0,55K","0,12%"
"12.05.2015","25,38","25,36","25,44","25,26","0,87K","0,08%"
"11.05.2015","25,36","25,31","25,55","25,30","1,25K","-0,08%"
"08.05.2015","25,38","25,38","25,38","25,38","0,35K","-0,35%"
"07.05.2015","25,47","25,43","25,61","25,31","1,11K","0,28%"
"06.05.2015","25,40","25,38","25,45","25,27","0,17K","0,12%"
"05.05.2015","25,37","25,40","25,54","25,30","1,55K","-0,24%"
"04.05.2015","25,43","25,35","25,65","25,35","1,70K","0,12%"
"30.04.2015","25,40","25,30","25,45","25,20","-","0,16%"
"29.04.2015","25,36","25,63","25,70","25,30","1,67K","-1,36%"
"28.04.2015","25,71","25,72","25,95","25,65","1,83K","-0,27%"
"27.04.2015","25,78","26,01","26,01","25,68","1,61K","-1,04%"
"24.04.2015","26,05","26,09","26,19","25,97","0,76K","-0,15%"
"23.04.2015","26,09","26,02","26,40","25,96","2,09K","0,19%"
"22.04.2015","26,04","26,36","26,37","26,02","2,01K","-1,25%"
"20.04.2015","26,37","26,37","26,37","26,37","1,54K","-1,82%"
"17.04.2015","26,86","26,47","26,88","26,45","1,71K","1,59%"
"16.04.2015","26,44","26,47","26,53","26,21","1,08K","-0,30%"
"15.04.2015","26,52","26,65","26,75","26,40","1,35K","-0,71%"
"14.04.2015","26,71","26,90","27,00","26,61","3,15K","-0,63%"
"13.04.2015","26,88","27,11","27,25","26,87","2,21K","0,00%"
"10.04.2015","26,88","27,43","27,50","27,06","-","-2,08%"
"09.04.2015","27,45","27,44","27,65","27,25","2,07K","0,00%"
"08.04.2015","27,45","27,70","27,75","27,37","2,34K","-1,22%"
"07.04.2015","27,79","28,26","28,29","27,70","2,90K","-1,63%"
"06.04.2015","28,25","28,32","28,58","28,20","1,18K","0,07%"
"02.04.2015","28,23","28,20","28,38","28,16","0,69K","0,07%"
"01.04.2015","28,21","28,44","28,63","28,16","2,39K","-0,84%"
"31.03.2015","28,45","28,80","28,80","28,43","2,17K","-0,97%"
"30.03.2015","28,73","28,40","28,80","28,32","1,74K","1,16%"
"27.03.2015","28,40","28,15","28,60","28,14","1,40K","0,57%"
"26.03.2015","28,24","28,30","28,39","28,12","0,89K","-0,07%"
"25.03.2015","28,26","28,22","28,34","28,00","1,40K","0,21%"
"24.03.2015","28,20","28,62","28,62","28,16","2,68K","-1,43%"
"23.03.2015","28,61","29,07","29,10","28,55","1,91K","-1,38%"
"20.03.2015","29,01","29,00","29,25","28,86","1,00K","0,21%"
"19.03.2015","28,95","28,77","28,99","28,71","1,14K","0,77%"
"18.03.2015","28,73","28,79","28,84","28,51","2,07K","-0,59%"
"17.03.2015","28,90","29,27","29,32","28,85","2,95K","-2,53%"
"16.03.2015","29,65","29,65","29,67","29,63","0,14K","-0,07%"
"13.03.2015","29,67","29,63","29,75","29,60","0,30K","0,24%"
"12.03.2015","29,60","29,56","29,65","29,56","0,46K","0,00%"
"11.03.2015","29,60","29,59","29,70","29,56","0,51K","0,17%"
"10.03.2015","29,55","29,60","29,70","29,45","1,06K","0,14%"
"09.03.2015","29,51","29,21","29,55","29,15","1,13K","0,89%"
"06.03.2015","29,25","29,69","29,69","29,10","2,45K","-1,55%"
"05.03.2015","29,71","29,69","29,85","29,67","1,19K","0,07%"
"04.03.2015","29,69","29,60","29,71","29,51","2,48K","0,68%"
"03.03.2015","29,49","29,22","29,55","29,22","2,05K","1,03%"
"02.03.2015","29,19","29,57","29,65","29,01","3,01K","-1,35%"
"27.02.2015","29,59","29,68","29,94","29,52","2,16K","-0,27%"
"26.02.2015","29,67","29,54","29,70","29,42","1,71K","0,17%"
"25.02.2015","29,62","29,87","29,94","29,58","2,17K","-0,70%"
"24.02.2015","29,83","29,25","29,85","29,25","3,14K","1,64%"
"23.02.2015","29,35","29,50","29,80","29,25","3,73K","-0,51%"
"20.02.2015","29,50","29,50","29,65","29,38","1,80K","0,17%"
"19.02.2015","29,45","29,04","29,49","29,03","3,64K","1,55%"
"18.02.2015","29,00","28,55","29,10","28,55","2,09K","1,51%"
"13.02.2015","28,57","28,76","28,89","28,53","2,15K","-0,66%"
"12.02.2015","28,76","29,00","29,11","28,61","3,18K","-0,90%"
"11.02.2015","29,02","29,06","29,08","28,74","1,95K","-0,14%"
"10.02.2015","29,06","29,16","29,30","28,95","2,49K","-0,34%"
"09.02.2015","29,16","29,40","29,40","28,83","3,40K","-0,82%"
"06.02.2015","29,40","29,20","29,69","29,10","1,74K","0,44%"
"05.02.2015","29,27","29,25","29,44","29,03","2,00K","0,38%"
"04.02.2015","29,16","28,89","29,25","28,83","4,15K","1,67%"
"03.02.2015","28,68","28,16","28,79","28,02","5,80K","1,88%"
"02.02.2015","28,15","28,50","28,55","28,10","2,75K","-0,74%"
"30.01.2015","28,36","28,10","28,70","27,61","2,53K","1,54%"
"29.01.2015","27,93","27,67","28,18","27,50","3,07K","0,72%"
"28.01.2015","27,73","27,65","27,98","27,40","2,01K","0,14%"
"27.01.2015","27,69","27,61","27,99","27,45","0,06K","0,40%"
"26.01.2015","27,58","28,20","28,29","27,54","0,06K","-2,37%"
"23.01.2015","28,25","28,71","28,80","28,22","2,40K","-1,70%"
"22.01.2015","28,74","28,95","28,95","28,55","0,04K","-0,55%"
"21.01.2015","28,90","29,36","29,50","28,85","2,48K","-1,60%"
"20.01.2015","29,37","29,99","30,39","29,25","4,87K","-1,71%"
"19.01.2015","29,88","29,80","30,15","29,44","2,22K","0,23%"
"16.01.2015","29,81","29,57","30,29","29,31","2,59K","8,36%"
"15.01.2015","27,51","27,51","27,53","27,43","0,39K","0,22%"
"14.01.2015","27,45","27,46","27,60","27,31","0,02K","-0,04%"
"13.01.2015","27,46","27,73","27,80","27,45","0,97K","-0,90%"
"12.01.2015","27,71","27,90","28,10","27,70","-","-0,47%"
"09.01.2015","27,84","27,80","28,00","27,67","0,00K","0,04%"
"08.01.2015","27,83","28,10","28,10","27,80","0,22K","-1,03%"
"07.01.2015","28,12","28,44","28,47","28,05","0,05K","-1,37%"
"06.01.2015","28,51","29,16","29,16","28,50","0,00K","-2,23%"
"05.01.2015","29,16","29,24","29,24","29,05","0,78K","-0,58%"
"02.01.2015","29,33","29,30","29,45","29,22","0,25K","0,03%"
"31.12.2014","29,32","29,30","29,45","29,30","-","0,00%"
"30.12.2014","29,32","29,41","29,45","29,30","0,63K","-0,31%"
"29.12.2014","29,41","29,44","29,61","29,30","0,59K","-0,47%"
"26.12.2014","29,55","29,64","29,78","29,51","0,65K","-0,34%"
"23.12.2014","29,65","29,95","30,29","29,60","0,76K","-0,70%"
"22.12.2014","29,86","29,95","30,29","29,60","1,39K","-0,30%"
"19.12.2014","29,95","29,54","30,14","29,51","1,42K","1,32%"
"18.12.2014","29,56","30,11","30,11","29,00","2,95K","-2,12%"
"17.12.2014","30,20","31,31","31,49","30,11","3,21K","-3,48%"
"16.12.2014","31,29","30,35","31,88","30,35","3,93K","3,03%"
"15.12.2014","30,37","30,38","31,00","29,70","2,18K","-0,03%"
"12.12.2014","30,38","29,46","30,45","29,46","1,91K","3,09%"
"11.12.2014","29,47","28,85","29,95","28,85","2,23K","2,18%"
"10.12.2014","28,84","28,80","29,29","28,66","1,97K","0,35%"
"09.12.2014","28,74","28,16","29,00","28,03","3,24K","1,99%"
"08.12.2014","28,18","28,30","28,50","27,81","1,27K","-0,63%"
"05.12.2014","28,36","28,30","28,50","28,11","1,93K","-0,25%"
"04.12.2014","28,43","27,61","28,70","27,55","3,62K","2,86%"
"03.12.2014","27,64","28,16","28,16","27,61","3,45K","-1,88%"
"02.12.2014","28,17","28,45","28,50","28,00","2,41K","-1,37%"
"01.12.2014","28,56","29,19","29,20","28,50","2,67K","-2,23%"
"28.11.2014","29,21","28,90","30,00","28,66","2,86K","1,14%"
"27.11.2014","28,88","29,08","29,20","28,60","1,62K","-0,89%"
"26.11.2014","29,14","29,80","29,80","29,05","1,82K","-2,25%"
"25.11.2014","29,81","30,74","30,75","29,71","3,52K","-3,50%"
"24.11.2014","30,89","31,75","31,77","30,70","2,74K","-3,01%"
"21.11.2014","31,85","32,13","32,59","31,83","1,65K","-0,90%"
"20.11.2014","32,14","32,13","32,29","32,05","-","0,00%"
"19.11.2014","32,14","32,11","32,35","31,90","2,17K","0,06%"
"18.11.2014","32,12","32,58","32,86","32,10","3,20K","14,80%"
"17.11.2014","27,98","27,97","27,97","27,77","0,25K","0,00%"
"14.11.2014","27,98","28,20","28,25","27,62","0,14K","-0,78%"
"13.11.2014","28,20","27,94","28,25","27,94","1,94K","0,93%"
"12.11.2014","27,94","27,60","28,00","27,58","0,75K","1,20%"
"11.11.2014","27,61","27,56","27,80","27,50","1,02K","0,33%"
"10.11.2014","27,52","27,84","27,86","27,50","0,78K","-1,08%"
"07.11.2014","27,82","27,75","27,99","27,40","1,96K","0,29%"
"06.11.2014","27,74","26,90","28,14","26,80","2,05K","3,47%"
"05.11.2014","26,81","26,89","26,94","26,35","1,20K","-0,07%"
"04.11.2014","26,83","26,65","26,90","26,55","1,03K","0,68%"
"03.11.2014","26,65","27,50","27,70","26,60","2,84K","-3,51%"
"31.10.2014","27,62","28,39","28,41","27,40","2,75K","-2,88%"
"30.10.2014","28,44","28,99","29,94","28,00","4,06K","-0,46%"
"29.10.2014","28,57","27,11","28,57","27,11","4,20K","5,00%"
"28.10.2014","27,21","27,23","27,50","27,12","1,80K","0,04%"
"27.10.2014","27,20","26,56","27,35","26,46","2,43K","1,80%"
"24.10.2014","26,72","27,00","27,40","26,50","3,77K","-0,96%"
"23.10.2014","26,98","26,49","27,10","26,10","3,09K","2,04%"
"22.10.2014","26,44","25,80","26,56","25,74","4,18K","2,48%"
"21.10.2014","25,80","25,87","26,14","25,75","1,86K","-0,35%"
"20.10.2014","25,89","25,75","26,05","25,59","2,11K","0,15%"
"17.10.2014","25,85","26,10","26,30","25,55","4,05K","-1,15%"
"16.10.2014","26,15","26,02","26,25","25,60","4,42K","0,23%"
"15.10.2014","26,09","25,15","26,40","25,08","0,08K","3,74%"
"14.10.2014","25,15","24,56","25,18","24,35","5,92K","2,49%"
"13.10.2014","24,54","24,01","24,60","23,73","4,10K","2,72%"
"10.10.2014","23,89","24,09","24,25","23,70","4,25K","-0,25%"
"09.10.2014","23,95","23,45","24,05","23,40","5,10K","2,09%"
"08.10.2014","23,46","23,32","23,71","23,18","4,52K","0,47%"
"07.10.2014","23,35","23,16","23,40","23,01","3,00K","0,60%"
"06.10.2014","23,21","22,97","23,35","22,72","4,76K","1,04%"
"03.10.2014","22,97","22,92","23,17","22,91","1,80K","-0,09%"
"02.10.2014","22,99","23,25","23,27","22,90","3,00K","-1,29%"
"01.10.2014","23,29","23,20","23,40","22,95","6,00K","0,17%"
"30.09.2014","23,25","23,51","23,75","23,23","3,92K","-1,23%"
"29.09.2014","23,54","23,20","23,65","23,15","2,44K","1,47%"
"26.09.2014","23,20","23,23","23,44","23,16","0,03K","-0,13%"
"25.09.2014","23,23","23,25","23,39","22,90","2,95K","-0,17%"
"24.09.2014","23,27","22,90","23,33","22,88","2,45K","1,48%"
"23.09.2014","22,93","22,86","23,12","22,81","2,62K","0,31%"
"22.09.2014","22,86","23,01","23,04","22,80","3,25K","-0,65%"
"19.09.2014","23,01","23,35","23,43","22,97","3,31K","-1,41%"
"18.09.2014","23,34","23,36","23,70","23,30","2,33K","-0,30%"
"17.09.2014","23,41","23,63","23,70","23,33","2,58K","-0,85%"
"16.09.2014","23,61","23,40","23,80","23,40","2,40K","7,61%"
"15.09.2014","21,94","21,91","21,98","21,91","0,43K","-0,36%"
"12.09.2014","22,02","21,85","22,09","21,85","0,37K","0,46%"
"11.09.2014","21,92","21,99","22,00","21,85","0,30K","-0,27%"
"10.09.2014","21,98","21,71","21,99","21,65","1,32K","0,59%"
"09.09.2014","21,85","21,52","21,89","21,51","0,83K","1,35%"
"08.09.2014","21,56","21,72","21,78","21,55","1,69K","-0,83%"
"05.09.2014","21,74","21,95","21,99","21,65","1,82K","-1,18%"
"04.09.2014","22,00","22,14","22,15","21,96","1,94K","-0,68%"
"03.09.2014","22,15","22,39","22,48","22,12","4,25K","-1,29%"
"02.09.2014","22,44","22,61","22,64","22,42","3,15K","-0,84%"
"01.09.2014","22,63","23,00","22,61","23,00","3,94K","-1,65%"
"29.08.2014","23,01","23,20","23,24","22,91","3,40K","-0,82%"
"28.08.2014","23,20","23,22","23,30","23,05","1,87K","-0,26%"
"27.08.2014","23,26","23,22","23,23","23,15","2,37K","-0,13%"
"26.08.2014","23,29","23,43","23,50","23,25","2,34K","-0,81%"
"25.08.2014","23,48","23,70","23,80","23,31","2,11K","-0,72%"
"22.08.2014","23,65","23,21","23,79","23,20","4,04K","1,90%"
"21.08.2014","23,21","23,21","23,25","23,20","1,54K","0,00%"
"20.08.2014","23,21","23,35","23,39","23,10","0,01K","-0,47%"
"19.08.2014","23,32","23,36","23,44","23,25","0,81K","-0,13%"
"18.08.2014","23,35","23,39","23,50","23,28","1,55K","1,57%"
"15.08.2014","22,99","22,99","22,99","22,99","-","-0,99%"
"14.08.2014","23,22","23,22","23,22","23,22","-","-0,77%"
"13.08.2014","23,40","23,40","23,40","23,40","-","0,00%"
"12.08.2014","23,40","23,40","23,40","23,40","-","-0,21%"
"11.08.2014","23,45","23,39","23,45","23,39","0,01K","-3,46%"
"08.08.2014","24,29","24,29","24,29","24,29","-","-0,86%"
"07.08.2014","24,50","24,50","24,50","24,50","0,00K","2,08%"
"06.08.2014","24,00","24,00","24,00","24,00","0,01K","-0,95%"
"05.08.2014","24,23","24,23","24,23","24,23","-","-1,10%"
"04.08.2014","24,50","24,50","24,50","24,50","0,00K","2,08%"
"01.08.2014","24,00","24,00","24,00","24,00","-","3,45%"
"31.07.2014","23,20","23,43","23,43","23,20","-","-1,23%"
"30.07.2014","23,49","23,49","23,49","23,49","-","0,21%"
"29.07.2014","23,44","23,44","23,44","23,44","-","-0,55%"
"28.07.2014","23,57","23,57","23,57","23,57","-","0,77%"
"25.07.2014","23,39","23,39","23,39","23,39","-","1,04%"
"24.07.2014","23,15","23,15","23,15","23,15","-","0,13%"
"23.07.2014","23,12","23,12","23,12","23,12","-","0,00%"
"22.07.2014","23,12","23,12","23,12","23,12","-","-0,43%"
"21.07.2014","23,22","23,22","23,22","23,22","-","-0,60%"
"18.07.2014","23,36","23,36","23,36","23,36","-","-1,23%"
"17.07.2014","23,65","23,65","23,65","23,65","-","0,04%"
"16.07.2014","23,64","23,64","23,64","23,64","-","-1,75%"
"15.07.2014","24,06","24,14","24,14","24,00","-","-0,37%"
"14.07.2014","24,15","24,16","24,28","24,15","0,06K","0,00%"
"11.07.2014","24,15","24,30","24,30","24,13","-","-1,19%"
"10.07.2014","24,44","24,35","24,44","24,35","-","0,78%"
"08.07.2014","24,25","24,26","24,30","24,26","0,00K","-0,61%"
"07.07.2014","24,40","24,40","24,40","24,40","0,01K","0,83%"
"04.07.2014","24,20","24,30","24,30","24,20","0,00K","-0,74%"
"03.07.2014","24,38","24,20","24,45","24,20","0,02K","0,70%"
"02.07.2014","24,21","24,11","24,21","24,10","0,03K","-0,74%"
"01.07.2014","24,39","24,40","24,45","24,35","0,04K","-0,85%"
"30.06.2014","24,60","24,71","24,71","24,60","0,02K","-1,20%"
"27.06.2014","24,90","25,15","25,15","24,58","0,02K","-0,80%"
"26.06.2014","25,10","24,81","25,20","24,80","0,01K","0,92%"
"25.06.2014","24,87","25,18","25,18","24,87","0,03K","-1,23%"
"24.06.2014","25,18","25,26","25,35","25,18","-","-1,45%"
"23.06.2014","25,55","25,35","25,60","25,35","0,01K","0,20%"
"20.06.2014","25,50","25,00","25,50","25,00","-","1,63%"
"18.06.2014","25,09","25,09","25,09","25,09","-","1,37%"
"17.06.2014","24,75","24,81","25,09","24,81","-","-0,40%"
"16.06.2014","24,85","24,86","24,90","24,79","-","-0,76%"
"13.06.2014","25,04","24,70","25,20","24,70","-","-1,42%"
"11.06.2014","25,40","25,72","25,74","25,30","-","-1,55%"
"10.06.2014","25,80","25,99","25,99","25,75","-","-1,34%"
"09.06.2014","26,15","26,40","26,40","26,15","-","-1,88%"
"06.06.2014","26,65","26,60","26,70","26,50","-","0,04%"
"05.06.2014","26,64","26,80","26,90","26,60","-","-1,99%"
"04.06.2014","27,18","27,18","27,18","27,18","-","0,33%"
"03.06.2014","27,09","27,10","27,10","26,95","-","-0,04%"
"02.06.2014","27,10","27,00","27,10","27,00","-","0,00%"
"30.05.2014","27,10","27,10","27,15","26,90","-","-0,70%"
"29.05.2014","27,29","27,28","27,29","27,02","-","-0,04%"
"28.05.2014","27,30","27,30","27,31","27,20","-","-0,26%"
"27.05.2014","27,37","27,41","27,42","27,30","0,05K","-1,19%"
"26.05.2014","27,70","27,70","27,70","27,70","-","0,54%"
"23.05.2014","27,55","27,45","27,55","27,30","-","0,00%"
"22.05.2014","27,55","27,44","27,78","27,40","-","0,22%"
"21.05.2014","27,49","27,46","27,49","27,11","-","-0,40%"
"20.05.2014","27,60","27,80","27,81","27,60","-","-1,08%"
"19.05.2014","27,90","28,05","28,05","27,90","-","-2,00%"
"16.05.2014","28,47","28,40","28,44","28,36","-","-1,32%"
"15.05.2014","28,85","28,70","28,85","28,65","-","0,21%"
"14.05.2014","28,79","29,07","29,07","28,66","-","-1,07%"
"13.05.2014","29,10","29,03","29,36","29,00","-","-0,14%"
"12.05.2014","29,14","29,25","29,26","29,10","-","-0,72%"
"09.05.2014","29,35","29,25","29,25","29,25","0,00K","-0,68%"
"08.05.2014","29,55","29,55","29,55","29,55","-","-0,71%"
"07.05.2014","29,76","29,90","29,90","29,64","0,00K","-0,50%"
"06.05.2014","29,91","30,00","30,00","29,90","-","-0,30%"
"05.05.2014","30,00","29,88","30,15","29,88","0,00K","0,47%"
"02.05.2014","29,86","29,85","30,00","29,68","0,00K","0,03%"
"30.04.2014","29,85","30,29","30,30","29,81","0,00K","-1,16%"
"29.04.2014","30,20","30,01","30,33","29,88","0,01K","0,47%"
"28.04.2014","30,06","30,15","30,80","30,01","0,11K","-0,33%"
"25.04.2014","30,16","30,70","30,75","30,11","0,06K","-1,89%"
"24.04.2014","30,74","31,09","31,13","30,57","0,01K","-1,16%"
"23.04.2014","31,10","30,95","31,40","30,86","0,00K","0,39%"
"22.04.2014","30,98","31,20","31,32","30,70","0,03K","-0,86%"
"17.04.2014","31,25","31,58","31,60","31,19","-","-1,04%"
"16.04.2014","31,58","31,26","31,63","31,26","-","1,19%"
"15.04.2014","31,21","31,50","31,50","31,16","-","-0,95%"
"14.04.2014","31,51","31,48","31,55","31,40","-","-0,06%"
"11.04.2014","31,53","31,53","31,73","31,16","-","0,03%"
"10.04.2014","31,52","31,30","31,60","31,12","0,05K","0,61%"
"09.04.2014","31,33","31,47","31,60","31,15","-","-0,51%"
"08.04.2014","31,49","31,70","31,70","31,31","-","-0,66%"
"07.04.2014","31,70","31,78","31,91","31,45","0,01K","-0,22%"
"04.04.2014","31,77","31,41","31,80","31,40","0,03K","0,99%"
"03.04.2014","31,46","31,55","31,66","31,35","0,01K","0,06%"
"02.04.2014","31,44","30,90","31,48","30,80","0,24K","1,88%"
"01.04.2014","30,86","30,36","30,90","30,30","0,12K","1,85%"
"31.03.2014","30,30","30,07","30,70","29,55","0,02K","0,76%"
"28.03.2014","30,07","29,81","30,30","29,74","-","0,70%"
"27.03.2014","29,86","30,70","30,70","29,80","0,35K","-2,61%"
"26.03.2014","30,66","31,22","31,24","30,56","0,14K","-1,38%"
"25.03.2014","31,09","30,86","31,25","30,51","0,02K","0,94%"
"24.03.2014","30,80","30,60","30,88","30,02","0,22K","1,22%"
"21.03.2014","30,43","30,99","31,45","30,35","-","-1,33%"
"20.03.2014","30,84","30,16","30,88","30,00","0,33K","2,09%"
"19.03.2014","30,21","30,61","30,75","30,10","0,08K","-1,34%"
"18.03.2014","30,62","30,60","31,00","30,33","0,13K","-8,62%"
"17.03.2014","33,51","33,20","33,45","33,20","-","1,24%"
"14.03.2014","33,10","33,25","33,25","33,00","-","-0,63%"
"13.03.2014","33,31","33,25","33,25","33,25","0,00K","-1,30%"
"12.03.2014","33,75","33,90","33,90","33,71","-","-0,44%"
"11.03.2014","33,90","33,78","33,97","33,75","0,32K","0,30%"
"10.03.2014","33,80","33,94","34,00","33,50","0,55K","-0,06%"
"07.03.2014","33,82","34,13","34,15","33,70","0,53K","-0,88%"
"06.03.2014","34,12","33,79","34,16","33,71","1,32K","1,37%"
"05.03.2014","33,66","32,95","33,80","32,94","0,33K","2,25%"
"28.02.2014","32,92","33,22","33,22","32,56","1,21K","-0,81%"
"27.02.2014","33,19","33,70","33,81","33,10","1,10K","-1,57%"
"26.02.2014","33,72","33,94","34,29","33,65","0,40K","-1,00%"
"25.02.2014","34,06","34,50","34,75","33,85","0,00K","-1,02%"
"24.02.2014","34,41","33,79","34,48","33,70","0,82K","1,80%"
"21.02.2014","33,80","33,81","34,25","33,45","0,00K","-0,21%"
"20.02.2014","33,87","33,88","34,39","33,50","0,00K","0,53%"
"19.02.2014","33,69","32,25","33,69","32,25","0,00K","4,99%"
"18.02.2014","32,09","31,74","32,15","31,35","0,00K","1,07%"
"17.02.2014","31,75","30,78","31,77","30,66","0,00K","3,32%"
"14.02.2014","30,73","30,40","30,78","30,15","1,99K","1,09%"
"13.02.2014","30,40","29,69","30,44","29,66","3,23K","2,67%"
"12.02.2014","29,61","29,65","29,95","29,46","2,40K","0,10%"
"11.02.2014","29,58","29,50","29,60","29,10","2,45K","0,24%"
"10.02.2014","29,51","29,05","29,56","28,89","2,10K","1,62%"
"07.02.2014","29,04","29,25","29,30","28,45","2,70K","-0,95%"
"06.02.2014","29,32","29,55","29,93","29,25","1,99K","-0,71%"
"05.02.2014","29,53","28,89","29,60","28,80","1,83K","2,11%"
"04.02.2014","28,92","28,30","28,95","28,20","1,37K","2,01%"
"03.02.2014","28,35","27,53","28,40","27,45","2,21K","2,87%"
"31.01.2014","27,56","27,16","27,60","27,09","2,56K","1,47%"
"30.01.2014","27,16","26,82","27,20","26,62","2,81K","1,34%"
"29.01.2014","26,80","26,17","26,91","26,14","3,30K","2,33%"
"28.01.2014","26,19","25,91","26,24","25,89","1,29K","1,04%"
"27.01.2014","25,92","26,20","26,25","25,83","2,22K","-1,22%"
"24.01.2014","26,24","26,20","26,38","26,15","1,68K","0,00%"
"23.01.2014","26,24","26,15","26,28","25,95","2,12K","0,38%"
"22.01.2014","26,14","26,27","26,40","26,12","1,81K","-0,65%"
"21.01.2014","26,31","26,76","26,79","26,30","2,26K","-1,64%"
"20.01.2014","26,75","26,93","26,93","26,70","1,20K","-0,82%"
"17.01.2014","26,97","27,29","27,34","26,88","1,71K","-0,95%"
"16.01.2014","27,23","27,10","27,38","27,10","1,56K","-0,33%"
"15.01.2014","27,32","27,19","27,33","27,19","0,69K","0,52%"
"14.01.2014","27,18","27,15","27,30","27,13","0,12K","0,18%"
"13.01.2014","27,13","26,99","27,15","26,91","0,36K","0,48%"
"10.01.2014","27,00","26,84","27,00","26,80","0,36K","0,56%"
"09.01.2014","26,85","27,30","27,30","26,72","0,62K","-1,83%"
"08.01.2014","27,35","27,65","27,79","27,25","0,83K","-1,16%"
"07.01.2014","27,67","28,16","28,27","27,60","0,81K","-1,88%"
"06.01.2014","28,20","27,72","28,37","27,70","1,23K","1,77%"
"03.01.2014","27,71","27,30","27,75","27,30","0,67K","1,54%"
"02.01.2014","27,29","27,25","27,35","27,02","0,58K","0,11%"
"30.12.2013","27,26","27,03","27,45","26,81","0,56K","0,63%"
"27.12.2013","27,09","26,95","27,20","26,75","0,65K","0,30%"
"26.12.2013","27,01","27,12","27,33","26,96","0,32K","-0,37%"
"23.12.2013","27,11","27,00","27,32","26,91","0,40K","0,11%"
"20.12.2013","27,08","26,91","27,22","26,91","1,15K","0,78%"
"19.12.2013","26,87","26,41","26,95","26,28","1,78K","1,78%"
"18.12.2013","26,40","26,09","26,45","26,09","1,96K","1,03%"
"17.12.2013","26,13","26,00","26,15","25,97","0,72K","0,42%"
"16.12.2013","26,02","25,93","26,08","25,77","0,86K","0,58%"
"13.12.2013","25,87","25,90","25,99","25,71","0,85K","-0,15%"
"12.12.2013","25,91","26,33","26,35","25,85","2,60K","-1,56%"
"11.12.2013","26,32","26,44","26,58","26,20","1,88K","-0,38%"
"10.12.2013","26,42","26,71","26,86","26,35","2,33K","-1,09%"
"09.12.2013","26,71","26,62","26,84","26,57","0,88K","0,38%"
"06.12.2013","26,61","26,69","26,83","26,57","1,43K","-0,15%"
"05.12.2013","26,65","26,67","26,87","26,52","1,02K","-0,04%"
"04.12.2013","26,66","26,47","26,84","26,40","2,03K","0,68%"
"03.12.2013","26,48","26,51","26,63","26,30","0,90K","-0,04%"
"02.12.2013","26,49","26,64","26,72","26,40","1,92K","-0,67%"